FUE 1,68.7503444253122,68.7482501198732,68.7364980985849,68.7324769879228,68.7133361834033,68.7052682785785,68.7010152642521,68.584662742139,68.5334938727425,68.6510122965828,68.6305394610846,68.5394434440966,68.5894702246715,68.3987903306273,68.2728426817557,67.4613013648917,68.0109449685989,68.3197832690635,67.7196292783334,68.1127451590839,67.9170613951437,67.3811088515498,67.6167041563287,67.4093893392204,64.8917864659078,65.1079315629373,66.9051196539951,54.6819602762505,57.4280229095837,66.6871179244892,66.3782229688486,65.7422434229748,65.3338463911752,55.6123362408255,61.3274085296873,63.7351461683355
FUE 2,66.1454178321113,66.142784002907,66.1280105492042,66.1229579725136,66.0989237190181,66.0888013076003,66.0834671811204,65.9380460597551,65.8743978725908,66.0208524890017,65.9952681946243,65.8817890796177,65.9440354464832,65.7077008974576,65.5529264564014,64.5780697898229,65.2342593604198,65.6104908918805,64.8844728631578,65.357632680481,65.121015049669,64.4836282509261,64.7619856815704,64.5168984386013,61.6734387595318,61.9100258621874,63.9291143827295,51.1163005061056,53.8934781342105,63.678345556436,63.3261309602627,62.6112194091521,62.1585340947064,52.0550830284585,57.8908705376186,60.4243451370906
FUE 3,60.5988513734998,60.5959830415649,60.5798971014435,60.5743967638192,60.5482403332916,60.5372279504453,60.531425749889,60.3734815368559,60.304493768055,60.463363046592,60.4355771459913,60.3125006957188,60.3799777671326,60.1242071571898,59.957309537951,58.9158756403192,59.6150988295617,60.0193285649192,59.2415127671102,59.7473677994416,59.4939240593699,58.8157902776388,59.1111631456037,58.851033869677,55.8850602497015,56.1289682562832,58.2306323585007,45.2103695108172,47.9975746683479,57.9673018152627,57.598679668705,56.854444569939,56.3856225575945,46.1518518844235,52.0271819090888,54.6034329556547
FUE 4,72.1062175732158,72.1040907069477,72.0921562687613,72.0880728567413,72.0686362945541,72.0604441230008,72.0561256954782,71.9380086170696,71.8860788036339,72.0053585183565,71.9845753590413,71.8921163856903,71.9428880614963,71.749415013032,71.6216894920322,70.7998642260586,71.356258036448,71.6692865864779,71.0612571462427,71.4594062016892,71.2611593715769,70.7187571550834,70.9570886872318,70.7473582205553,68.2080801616425,68.425630062672,70.2376772733256,57.9734224852968,60.7217856156851,70.0175257060224,69.7057652075185,69.0644953147926,68.6530903935045,58.9044214969225,64.6283183812411,67.045008908542
FUE 5,57.6858495225976,57.6830233798911,57.6671735338311,57.6617537274238,57.6359788845244,57.6251264814994,57.6194084103902,57.4637122796407,57.395681429165,57.5523243602426,57.5249336593734,57.403578061413,57.4701176271655,57.2178258943245,57.0530917470148,56.0234509307524,56.7150684194254,57.1143163953273,56.3456963256265,56.8457574348496,56.5952999338611,55.9243584535703,56.216734661546,55.9592549968052,53.0145821121556,53.2572311866098,55.3445730368194,42.3598669951371,45.1453856467697,55.0834357869199,54.7176705441389,53.9785191393888,53.5124825903881,43.3008956059076,49.1695527920098,51.7385282219372
FUE 6,86.2692476324976,86.2669024443023,86.253745125227,86.2492441498818,86.2278259558123,86.2188014837909,86.2140450123628,86.0841305858927,86.0271246539606,86.1581640135717,86.1353062505233,86.0337489905155,86.0894904282348,85.8774157486326,85.7378976556468,84.8485735769663,85.4491358744644,85.789845052,85.1299575288674,85.5611665644507,85.3460482190948,84.7615219498005,85.0176667989981,84.7922056784521,82.114649637844,82.341008745678,84.2475235619746,71.7276109493769,74.4898326570717,84.0135563308656,83.6834594159798,83.0085704769364,82.5781845627993,72.662358211341,78.4397527287588,80.9115138894722
FUE 7,57.3337149664212,57.3308971274746,57.3150937516546,57.3096897968457,57.2839900696499,57.273169161078,57.267467652683,57.1122142481642,57.0443719317103,57.200576299943,57.1732634288772,57.0522468307924,57.1186016923674,56.8669955961879,56.7026881698016,55.6753778893621,56.3654914801886,56.7637561061365,55.9969522372498,56.4958684819926,56.2460008258261,55.5764819712919,55.8682651017302,55.6113098040048,52.670866364847,52.9132647754167,54.9977610700169,42.0201402459698,44.8053212621447,54.7370588562477,54.3718606706267,53.6337194174267,53.1682369532209,42.9610779987595,48.8284003817698,51.3959232332054
FUE 8,56.7669589662832,56.7639096080779,56.746810803165,56.7409650459789,56.7131723462358,56.7014741870407,56.695311407171,56.5277455526598,56.45467020451,56.6230569015266,56.5935796808497,56.4631480288632,56.534630245347,56.264020299155,56.0879257506573,54.996778463858,55.7279825484666,56.1533188905914,55.336641341562,55.8669317140464,55.6008725452845,54.8925395953581,55.2004633108576,54.9292344259765,51.8752852597251,52.1243317231659,54.2849920723263,41.1200604713169,43.9139933521311,54.0125620998983,53.6321227515776,52.8669579147076,52.3867210203244,42.0633516910982,47.965391165251,50.5710000979279
FUE 9,63.1380351786127,63.1353373862086,63.1202058910243,63.1150311487913,63.0904177632808,63.0800524216509,63.0745905132479,62.9257469303473,62.8606372961787,63.0104878042364,62.9843017995001,62.8681970929204,62.9318749726779,62.6902149381677,62.532109974406,61.5388424769269,62.206955610705,62.5908989747995,61.8505853932661,62.3327830559922,62.0915203804159,61.4428308311659,61.7259174705658,61.4766501856741,58.5987539560152,58.8374184930823,60.879766077506,48.0079132717291,50.7879912298606,60.6254794598354,60.2686590410827,59.5454847588959,59.088235367926,48.9474771585623,54.7946691786404,57.3403979595034
FUE 10,81.2239308324163,81.221567980341,81.2083117387807,81.2037769923867,81.1821985787599,81.173106836865,81.1683149665616,81.0374486315776,80.9800339750647,81.1120209988076,81.0889958499912,80.9867055301935,81.0428471818806,80.8292770531718,80.6888144921989,79.7941373843873,80.3981923231233,80.7411099821669,80.0770973880645,80.5109300443916,80.294470092054,79.7066186082228,79.964165370955,79.7374659230964,77.0492300763489,77.2762586910382,79.1900457857559,66.6508383909637,69.4140750221835,78.9550043339466,78.6234873677278,77.9460115407915,77.5141745895704,67.5858598106826,73.3671951088445,75.8430677569746
FUE 11,71.2731456325176,71.2706777375745,71.2568332825095,71.2520977477992,71.2295668844632,71.2200753192217,71.2150730704161,71.0785539233014,71.0187147330982,71.1563256725331,71.1323065533722,71.025666305638,71.084182169295,70.8617482481563,70.7156985326605,69.7895125803635,70.4140954565178,70.7700522495655,70.081721745545,70.5310025934579,70.3066350683684,69.6992567341921,69.9650235106248,69.73106228641,66.9807815505844,67.2116693133186,69.1676361872356,56.5175552078157,59.2865417716884,68.9263338639406,68.5865566224901,67.8940803363905,67.4538558509579,57.4541289540775,63.2578500207869,65.7572236289687
FUE 12,55.9592845267245,55.956483726765,55.9407757078764,55.9354042812594,55.9098586997881,55.8991024237353,55.8934349057071,55.7390902203801,55.6716349659209,55.8269390399157,55.7997859198205,55.6794652440077,55.7454409115742,55.4952426617401,55.3318117819399,54.3092934055852,54.9963138751093,55.3925577786102,54.6294871822374,55.126049557102,54.8773943997556,54.2108019997921,54.5013647662463,54.2454884221144,51.3137622083958,51.5556432556888,53.6342728099193,40.6712816037246,43.4557638053927,53.374466757251,53.0104371045151,52.2743786248891,51.8100392265664,41.6120312885512,47.4765921389589,50.0411127530583
FUE 13,68.1026955386866,68.1006694320588,68.0892995130956,68.0854089142978,68.0668877561397,68.0590802433884,68.0549643070186,67.9423119501627,67.8927401710513,68.0065632676971,67.9867411791652,67.8985049787694,67.946968441964,67.7621548503297,67.6399472643662,66.8501336819256,67.3854975265178,67.685506221413,67.101969139731,67.484454404117,67.2941793255659,66.7718812022509,67.0016759962147,66.7994815091852,64.3282236554127,64.5413429744202,66.3067141317914,54.1723963641626,56.9134149364058,66.0932946069376,65.7905183842672,65.1658685508168,64.7639325396692,55.101405395677,60.7971839848888,63.1854743838605
FUE 14,83.2985260478611,83.296180405514,83.2830205430331,83.2785186993843,83.2570963857433,83.2480701840322,83.2433128023931,83.1133738967971,83.0563574525653,83.1874211844007,83.1645591168669,83.06298300362,83.1187347346489,82.906621588094,82.7670791942146,81.8776172862806,82.4782695307168,82.8190355475169,82.1590418353965,82.5903184204961,82.3751655381854,81.7905536231555,82.0467345884644,81.8212415667026,79.1434100297771,79.3697864276095,81.2764888831305,68.7560777547646,71.5183257386476,81.0424939542586,80.71236041445,80.0374047262987,79.6069813542939,69.6908321152135,75.4683286189973,77.9401960878735
FUE 15,62.8120218397931,62.8096656204338,62.7964465235584,62.7919244578305,62.7704062040872,62.7613397205417,62.7565611416349,62.6260521992302,62.568790982716,62.7004222284477,62.6774599241719,62.5754448118994,62.6314362176434,62.4184274573141,62.278319372757,61.3856504465827,61.9883953010428,62.3304842223155,61.6680193572146,62.1008677358469,61.8849111472727,61.298306847361,61.5553278689558,61.3290928201181,58.6448586934384,58.8716366248831,60.7826992049403,48.2507142272453,51.0135714527614,60.5480603829488,60.2170755721475,59.5405688857802,59.1092753868288,49.1856331648967,54.9654949242631,57.439829310463
FUE 16,61.0877624646125,61.0857685267031,61.0745788554566,61.0707498278854,61.0525210357649,61.044836401412,61.04078515616,60.9298801522217,60.8810632548892,60.9931403367677,60.9736255626938,60.8867407111881,60.9344652977905,60.752426343073,60.6319906123925,59.8525151843826,60.3810760612367,60.6768947599833,60.1012535006189,60.4786823031998,60.2909775881283,59.7751895006553,60.0022150840671,59.8024648009248,57.3535249579442,57.565176377294,59.3152036388402,47.224151807488,49.9626784669143,59.103983655263,58.8041498975143,58.1849647036601,57.7861545038548,48.1524851071331,53.8387598167675,56.2175341958401
FUE 17,74.7996104715773,74.7971419305159,74.7832938576423,74.778557088096,74.7560203680336,74.746526344616,74.7415228024621,74.6049689270275,74.5451148555175,74.6827603262284,74.6587351007393,74.5520681463218,74.6105985832813,74.3881102956059,74.2420263683238,73.3156483049743,73.9403561817697,74.2963926832047,73.607913717444,74.0572887802179,73.8328729865932,73.2253758368478,73.4911925643291,73.2571872071472,70.506532409255,70.7374432819166,72.6936640945596,60.0429208868871,62.8119413775688,72.4523239213848,72.1124968266449,71.419930251729,70.9796554177274,60.9795037880191,66.7833572418008,69.2828705727452
FUE 18,63.5114185675524,63.5094798301909,63.498599479119,63.4948761209188,63.4771491468829,63.4696754488322,63.4657352605758,63.3578316859183,63.3103124652649,63.4193889978565,63.4004021099505,63.3158397290538,63.3622942157318,63.1850277950974,63.0676441006685,62.3060440875331,62.8228290842159,63.1114199382882,62.5494150303587,62.9181033710807,62.7348382461741,62.2303265845978,62.4525498061693,62.2570378248604,59.8471019857339,60.0561710578298,61.7793485070002,49.7646840112438,52.4987536247935,61.571961446685,61.2772635685497,60.6676419515354,60.2743170923101,50.6918079891225,56.3611295216511,58.723032028752
FUE 19,90.0385064114838,90.0361692330778,90.0230567718555,90.0185711108282,89.9972255746407,89.9882316099598,89.9834911924358,89.8540085416384,89.7971880450899,89.9277974951209,89.9050156570191,89.8037909576235,89.859350823774,89.6479547332355,89.5088653859941,88.6219739042201,89.2209485334164,89.5606547478166,88.9026411920214,89.3326580504302,89.1181492024186,88.5351347722949,88.7906420233815,88.5657440855861,85.89305485904,86.1191083587451,88.0223080319064,75.511208910042,78.27296559678,87.7888299868471,87.4593800151,86.7856703951754,86.3559464325816,76.4458305418938,82.2214205121294,84.6913014986541
FUE 20,72.5607790059094,72.5582756632486,72.5442327311133,72.5394294539333,72.5165773077576,72.5069509011309,72.5018777083345,72.3634540352359,72.3027989943804,72.4423033021533,72.4179493107641,72.3098447611208,72.3691596049344,72.1437457774349,71.9958218943148,71.0591265626869,71.6905447244992,72.0508656529105,71.3544101354888,71.8088454433969,71.5818364144375,70.9679625897296,71.23645896229,71.0000859868208,68.2294163629976,68.4615610519931,70.4313629754469,57.7452928832854,60.5161161186352,70.1879957752318,69.845500288077,69.1481052605437,68.7051402659993,58.6823621651281,64.4932553012424,67.0002110209374
FUE 21,61.9551557188923,61.9524508109091,61.9372794875901,61.9320911566334,61.9074133588609,61.8970210008713,61.8915448824667,61.7423208771956,61.6770488979213,61.8272767325889,61.8010238463044,61.684627419385,61.7484643252618,61.5062129795381,61.3477386229508,60.3524348224533,61.0218656503056,61.4066634049318,60.6647673575981,61.1479648042528,60.9061879962305,60.2562499605404,60.5398585429306,60.2901298919135,57.4084514768865,57.647343237673,59.6922430819122,46.8139413101582,49.5943338127824,59.437569476189,59.0802429020621,58.3561620813851,57.8984127665849,47.7535899140532,53.602020358413,56.1490838547905
FUE 22,58.2100623179565,58.2072094657045,58.1912101492832,58.1857393581497,58.1597229254514,58.1487692340877,58.142997897387,57.9858782790068,57.9172414250216,58.0752941964451,58.0476532536631,57.9252079083702,57.9923411788104,57.7378461022154,57.5717413955306,56.5346252642984,57.2310646516046,57.633469311759,56.8590213475211,57.3627549463917,57.1104048358687,56.4349030847331,56.7291796575532,56.4700197373387,53.5118253346833,53.7552742414004,55.8517094357827,42.8444078769932,45.6309997865099,55.5891803515341,55.2216017710271,54.4792225599433,54.0114168427893,43.7857252680603,49.6586278643493,52.232229500729
FUE 23,71.2162193864337,71.2121200912946,71.2041795665927,71.1903104177357,71.1655787601677,71.1673293506959,71.1636797058053,71.0432545746934,71.0912803067397,71.0985190794612,71.1068111318909,70.8884059398537,71.0719999237543,70.6662293443028,70.1764475753046,70.3278746581232,69.493096454467,70.8326125360113,70.7268264553624,69.830126022461,70.6949289002801,67.6212350024366,69.6265346869372,69.1437750667746,69.4989450433583,58.9500489386745,67.9807861744013,67.1540605138676,53.6513929507811,68.8126302429918,68.9347485061556,63.5162858956156,68.9499297792115,51.4596407599556,45.7008132851241,57.9417917732579
FUE 24,57.6026792190556,57.5983958067614,57.5900991547242,57.5756096130904,57.5497767853706,57.5516051052374,57.5477934466056,57.4221013914259,57.4722093263323,57.4797640320309,57.488418663372,57.2607003365235,57.4520901358831,57.0295372784084,56.5215535448532,56.6783826159297,55.8161068298562,57.2026050541134,57.0925381461758,56.1635858327748,57.0593709378528,53.8991922998641,55.9535825677475,55.456801114041,55.8221297174908,45.1567074436156,54.2659292210838,53.4235424843055,39.8502270130782,55.1169237490764,55.2421831107774,49.7436807275187,55.2577612434705,37.6571773681027,31.896898672369,44.1461487287853
FUE 25,82.2716269222953,82.2670867273688,82.2582934692662,82.2429390462643,82.2155718199333,82.2175084193051,82.2134710754861,82.080453150232,82.1334547242569,82.141448772082,82.1506077064053,81.909967775907,82.1121694435555,81.6663988271741,81.1334731426957,81.2976786700584,80.398079078657,81.8486889044829,81.7327121191043,80.7596760444004,81.6977947603361,78.4211960974955,80.541000322049,80.0253580831192,80.4043368028232,69.5866955283083,78.7974009150974,77.934425753824,64.270325354715,79.673806408022,79.8032587088174,74.2000750204482,79.8193670992177,62.0756396797241,56.3135323697123,68.5732235691995
FUE 26,65.5079331538295,65.5039505030555,65.4962356198364,65.4827596226571,65.4587260182056,65.4604273251114,65.4568804052768,65.339798189193,65.3865015555595,65.3935397760788,65.4016016951602,65.1891176390712,65.3677537578504,64.9726742238803,64.4945647143713,64.6425193142375,63.8254911803584,65.1347909364318,65.0317358826614,64.1557536957279,65.0006491728754,61.9831160133882,63.9563115440689,63.4826607712669,63.8312266732099,53.359645179084,62.3379302506263,61.5215453155112,48.0663057833308,63.1572133542132,63.2772800774613,57.9118695767717,63.2922023247849,45.8754367496864,40.1175976242923,52.3529502126257
FUE 27,81.2141822498397,81.2098615538148,81.2014927913724,81.1868776465553,81.160821931782,81.162665982559,81.1588215358715,81.0320643704642,81.0825931958168,81.0902117844901,81.0989397376952,80.8693404099001,81.0623044220813,80.6363669192864,80.1247299351921,80.2826413021451,79.4148731147244,80.8107809570821,80.6998516123175,79.7644343876732,80.6664288096316,77.4890492397919,79.553152698436,79.0535834153071,79.4209306858067,68.7326888572141,77.8571997507626,77.0117357400293,63.4247021983283,78.7119752846694,78.8378567233403,73.3236696390144,78.8535134902236,61.2314031022137,55.4708454970838,67.7216867513118
FUE 28,67.2862795737491,67.2816863034008,67.2727904105616,67.2572572743097,67.2295730958579,67.2315320574894,67.2274481051411,67.0929188261267,67.1465170010388,67.1546016728955,67.1638646444972,66.9205635888735,67.1249912420503,66.6744486888697,66.1364308250383,66.302138673459,65.3949689863089,66.8586305412965,66.7414409028708,65.7594201908678,66.7061647515012,63.4060855648621,65.5389898302907,65.0195461265426,65.4012740963878,54.5535531567052,63.7841718366074,62.917111625515,49.2352719733867,64.6656513653432,64.795944337547,59.172060686859,64.8121591124112,47.0402706660905,41.2778107371331,53.5395177274512
FUE 29,59.2386703183624,59.2349090056905,59.2276223365627,59.2148926022054,59.1921844933542,59.1937921979695,59.1904403829501,59.0797146481502,59.1239018671587,59.130558678694,59.1381829945093,58.9369795499367,59.1061671850939,58.7315013769315,58.2758471532188,58.4171028775887,57.6344828194677,58.8854540389524,58.7876222042794,57.9515787902689,58.7580881180599,55.850192826128,57.7602024690387,57.3043387984927,57.6399977660185,47.3232579310608,56.1955964881716,55.3997945374502,42.0408757020208,56.9900730828102,57.1061084558768,51.84679874716,57.1205221095317,39.8518307827535,34.0960343898573,46.3197783018963
FUE 30,78.7524006505392,78.747938918425,78.7392973947337,78.7242072012482,78.6973086584215,78.6992121874879,78.6952437709142,78.5644619125847,78.6165805775779,78.6244405373045,78.6334455457274,78.396745696406,78.5956511442591,78.1569519138909,77.6315934899693,77.7935641904172,76.9052453530903,78.3364363205634,78.222257954902,77.262583256446,78.1878728532398,74.9463459281271,77.0465249589629,76.5365624836914,76.9114323115723,66.1391025966368,75.3197230287274,74.4628913639578,60.8256378528687,76.1885177952444,76.3167112875099,70.7447015002656,76.3326604228083,58.6314323639486,52.8698616135779,65.1264869821539
FUE 31,71.7757914936228,71.7711358194757,71.7621192578331,71.7463760212287,71.7183192711537,71.7203045172875,71.7161657818105,71.579860767871,71.634159746533,71.6423508892163,71.6517360963306,71.4053104313037,71.6123514819105,71.1562100478447,70.6122322823959,70.7796968749482,69.8636884627885,71.3426099077655,71.2239980210551,70.2314683107972,71.1883012980386,67.8608616707622,70.0089911114789,69.4851190219537,69.8700487961486,58.9875336369179,68.2411285132735,67.3693363956869,53.6670594043022,69.1284989388304,69.2597693582776,63.6119362930061,69.276107855352,51.471696080927,45.7088317806705,57.9728513613679
FUE 32,56.208635596655,56.2027651788017,56.191400707695,56.1715726321791,56.1362821431773,56.138777306155,56.1335758543179,55.9629713308278,56.0307727895257,56.0410191893866,56.0527652290514,55.7464113132776,56.0035161371802,55.4408528504252,54.786429226195,54.9861423177672,53.9103849308089,55.6691232019147,55.5236139401987,54.3376002329309,55.4799969090551,51.6675324567222,54.0784735870908,53.4764101182263,53.9177243424201,42.4604813734465,52.0844224466276,51.1335683949819,37.106352139048,53.0723987899232,53.2206034319797,47.1767528047698,53.2390903979522,34.9054598590152,29.1364285789666,41.4358435403058
FUE 33,65.6201296819001,65.6158781983258,65.6076433010195,65.5932613294173,65.567619402538,65.5694342484192,65.5656506738205,65.4408711342254,65.4906184285394,65.4981184016904,65.5067102154384,65.280604035667,65.4706445379698,65.0509938679568,64.5461473590544,64.7020464983823,63.8444943603911,65.2229067787253,65.1135796190007,64.1901812337875,65.0806316971071,61.9352658524507,63.9812780697051,63.4868976710661,63.8504873842236,53.204810018793,62.3007813193294,61.4610545426503,47.8996396980419,63.1485123952854,63.2732353383598,57.788301734473,63.2887456747677,45.7068071064232,39.946771123985,52.1946368750397
FUE 34,61.9384883539298,61.9328792039652,61.9220195602372,61.9030692613058,61.8693316152094,61.8717173825548,61.8667439104722,61.7034740120831,61.7683935275179,61.7782006389957,61.7894418751916,61.4958354822048,61.7423006167294,61.2021601848804,60.5706324499369,60.7637079520434,59.7204502805907,61.4216294250415,61.2817816447008,60.1356850224569,61.2398264448709,57.5246650194286,59.8839613701411,59.2975262374319,59.7275933959128,48.3796529453831,57.9345081529922,56.9988069779476,43.0315668331097,58.9028779920234,59.0477463525137,53.0792317048146,59.0658092926088,40.8316636670318,35.0637344221074,47.3568067441163
FUE 35,67.2882697134589,67.2841238259274,67.2760931760256,67.2620670110878,67.2370566155563,67.2388268833562,67.235136224203,67.1133771329986,67.161930371418,67.1692491662679,67.1776330503387,66.9568672721084,67.1424375072197,66.7324093071199,66.2379958521398,66.3907990394982,65.5490027990724,66.9004898319823,66.7936169986194,65.8887032103145,66.7613969691692,63.6655710408999,65.6834735725552,65.1971249763781,65.5548959774221,54.975891452496,64.0269736036166,63.1962099809065,49.6751922416574,64.8637406448039,64.986664845405,59.5475302121707,65.0019479131641,47.4831009793284,41.7238941595434,53.9670335581052
FUE 36,64.5348640374969,64.5297391175976,64.5198153490394,64.5024930573751,64.4716377626029,64.4738203758845,64.4692702920051,64.3196557277382,64.3792018740287,64.3881908309553,64.398492186182,64.128716262739,64.3552775243236,63.8574375543881,63.2695662145818,63.4499166099183,62.4695121472354,64.060302091998,63.9311244505016,62.8614160964789,63.8923089181427,60.3672589453294,62.624086535697,62.0682775026419,62.4762714657103,51.3503136079437,60.7629045977531,59.8578185888798,46.0150063278491,61.6921349094177,61.8303956557048,56.0148794347835,61.84761988151,43.8172000324177,38.0516088011762,50.3312502322122
FUE 37,56.8726408114363,56.8690371470832,56.8620555129942,56.8498574963667,56.8280941987336,56.8296351675714,56.8264224595345,56.7202346690814,56.7626242284017,56.7690086983614,56.7763205980865,56.583187935386,56.7456131513593,56.3855894864387,55.9461791043766,56.0825737929736,55.3250601981545,56.5336721365117,56.4395936482717,55.6325082972739,56.4111767568108,53.5839449801946,55.4470362503875,55.0042603301662,55.3304131200904,45.1310468936469,53.922285160165,53.1419674825316,39.8572539939883,54.6982699230621,54.8113175156931,49.6322844692026,54.8253545749277,37.6696427580181,31.9154531510647,44.1300837634238
FUE 38,69.8314124222537,69.8265671187418,69.8171839063289,69.8008023803856,69.7716140563222,69.7736791208597,69.7693740271262,69.6276812759097,69.6841054938802,69.6926196382785,69.7023757119985,69.4464830755465,69.6614403436033,69.1883628245403,68.6264530267724,68.7991930290468,67.8567286519322,69.3814614395859,69.2585525424288,68.2344465315521,69.2215862380863,65.8125995934326,68.0058546761456,67.4687925881767,67.863253613044,56.878633890755,66.1992910299948,65.3135734725712,51.5518308166429,67.1040816304492,67.2382515563049,61.5201108609227,67.2549572484287,49.3554239574848,43.5913944288551,55.862083613349
FUE 39,58.667237655809,58.6636510627789,58.6567024620842,58.6445620333226,58.6229010830643,58.6244348218896,58.6212371845472,58.5155413234313,58.5577359418884,58.5640908865273,58.5713689188675,58.3791120340162,58.5408033228848,58.182370373328,57.7447316865875,57.8805954173203,57.1258312390908,58.3298145940278,58.2361442138344,57.4322207099377,58.2078488724939,55.3894855587163,57.2473962091773,56.8060591645081,57.131166361059,46.9448900219452,55.7270418251526,54.9484444633149,41.6720705709198,56.5009810371703,56.6136990307305,51.4436099033764,56.6276945635542,39.4846220264625,33.7306148254481,45.9442118704251
FUE 40,66.8088980513291,66.8049564501699,66.7973209791833,66.7839833610788,66.7601954947442,66.7618794504092,66.7583686971937,66.6424640595404,66.6887014615751,66.6956690299153,66.703649881164,66.4932534811221,66.6701413088046,66.2788351258109,65.8048596642848,65.9515828171763,65.1408634382284,66.4394444987857,66.3373540811614,65.4687166748746,66.3065539311365,63.3090459697665,65.2707511563935,64.8003488065843,65.1465586235674,54.702867722608,63.6621575541621,62.8494927724515,49.411471214972,64.4769379199126,64.5962709050961,59.2499869152834,64.6111005447109,47.2209252357671,41.4634477500215,53.6967433071
FUE 41,58.1380689847784,58.13389697474,58.1258157964535,58.1117016048966,58.0865349550537,58.0883162529816,58.0846026033021,57.9620959460485,58.0109447620691,58.0183084006051,58.0267437478965,57.8046556163803,57.9913328315531,57.5789207387284,57.0819180829362,57.2354900895354,56.3897768904948,57.7479511837758,57.6404700776565,56.7309668102293,57.6080695998484,54.4999089079763,56.5248233348867,56.0364746995627,56.3956949243287,45.7999971073407,54.862339553211,54.0293345161706,40.498171553627,55.7018436542337,55.825216397659,50.3746176171812,55.8405561282676,38.3058934549478,32.5464776340104,44.7908079710129
FUE 42,61.8186092907129,61.8144126286438,61.806283767111,61.7920865080895,61.766772414892,61.7685641206366,61.7648287775965,61.6416168548869,61.6907444952211,61.6981504389329,61.7066343372622,61.4832990359613,61.6710202426103,61.2563605455765,60.7569194282725,60.9112152000086,60.0618171753441,61.4262863160778,61.3182318526382,60.404407570044,61.2856613143804,58.1659083825839,60.1974047701455,59.707176627299,60.0677585713118,49.4564286141184,58.5293027852276,57.6941971432051,44.1535524978519,59.3713748500133,59.4951687244727,54.0338328062724,59.5105616610948,41.9611001840797,36.2014894976956,48.4469304671401
FUE 43,59.0385405482989,59.0349681429007,59.0280469958835,59.0159544286548,58.9943785426258,58.9959062722322,58.9927211609056,58.8874342108291,58.9294667766169,58.9357971782712,58.943047058653,58.7515182854806,58.9125993775071,58.5554892090279,58.1193248448513,58.2547466214649,57.5022720504502,58.7024024284566,58.6090714677427,57.8077796223026,58.5808772297434,55.7699045649532,57.6234945183713,57.1833565647458,57.5075923407513,47.3322532087107,56.1068064312166,55.3296454493465,42.0602495400879,56.8790390657636,56.9914822168363,51.8288647363121,57.0054431247814,39.8729373693249,34.1190830784911,46.3318138440508
FUE 44,55.1825119747817,55.1784353739737,55.1705387486921,55.1567460846205,55.1321502144432,55.1338912187498,55.1302615549447,55.0104864476322,55.0582550962398,55.0654548737475,55.073702177441,54.8564477249353,55.0390782616795,54.6353841368418,54.1478646980491,54.2986192525601,53.4672742160178,54.8009391709499,54.6956832798983,53.8029962550559,54.6639430870483,51.6010909445776,53.6002068191885,53.1192054705371,53.4731009660119,42.9390276656407,51.9597320216109,51.1349920626073,37.6413831565911,52.7891588992676,52.9108818342455,47.5025939329203,52.9260131827719,35.4497988888569,29.6911593055328,41.9310678117801
FUE 45,57.726138087365,57.7229950580909,57.7142091134995,57.7009819094532,57.6870485498036,57.6649119143238,57.6605060032274,57.6328348643438,57.6439793287015,57.5576867597905,57.5943277327853,57.5067827129292,57.5499142703484,57.403573178489,56.7491450895019,57.3755454327069,56.3711796338977,57.2001419892313,57.3764243330043,54.8445747662787,57.2054788733814,49.7321798754028,53.8244260865445,52.1225660077302,56.4059213083218,48.8678202072892,47.9658380481427,55.9807351431089,53.2558681980121,52.7756340497023,53.9038808128628,30.4313749187365,55.1644448350352,52.6618592629548,45.4753407194457,33.9028916744862
FUE 46,55.6386932257192,55.6337862002097,55.620079780273,55.5994740247899,55.5778059339633,55.5434597255375,55.5366352050253,55.4938605665354,55.5110700345023,55.3784350161933,55.434580899909,55.3008474268711,55.3665573198575,55.1449702942247,54.1962518589797,55.102962437349,53.6748531262242,54.843053137006,55.1042776794957,51.711127673097,54.8508875475192,45.9643792874322,50.4890691672273,48.5521209036401,53.7220750543469,45.0528356026362,44.1110704689671,53.1530050719965,49.830030328459,49.2832901066166,50.5823029495934,26.4112616881625,52.1071186162823,49.1549441236238,41.5463377411981,29.8863464552834
FUE 47,59.7141348336884,59.708892610333,59.6942520482775,59.6722478476015,59.6491168358965,59.6124676448536,59.6051878360622,59.5595768605195,59.5779238883821,59.4366444684973,59.4964153306853,59.3541289076751,59.4240062771,59.1886295599034,58.188602412856,59.1440906588149,57.6436329245396,58.8690848437887,59.1454847535579,55.6133874373781,58.8773604793481,49.7827340645736,54.3631010016863,52.3951105219404,57.692869980046,48.8654845765719,47.9189622909238,57.1009703424244,53.6918888582561,53.1363824081274,54.4582140095584,30.1998955739471,56.020415537729,53.0061359792455,45.3454819738797,33.6753873330982
FUE 48,56.0021605454579,55.9991600780495,55.990772125188,55.9781426481269,55.964837048885,55.9436938211237,55.9394850540417,55.9130477110196,55.9236961711061,55.8412126363972,55.8762450760308,55.7925218392603,55.8337796930333,55.6937242613912,55.0650474987041,55.6668774014323,54.7003391031917,55.4987005807232,55.6677193820134,53.2172278710248,55.5038216890313,48.1772304740957,52.218859010349,50.5438166029438,54.7339081687594,47.3187429756194,46.4217679900211,54.3224674883392,51.6604317908604,51.1877952084906,52.2967914472888,28.9086789667604,53.5291732793115,51.0757024071795,43.9407534388753,32.3797247130042
FUE 49,55.3721974068457,55.3687602829669,55.3591534672898,55.3446938642827,55.329466741416,55.3052839423514,55.3004721357057,55.2702620406229,55.282426938002,55.1883071421699,55.2282509504627,55.1328646813654,55.1798379328692,55.0206291456746,54.3140700828466,54.990190269897,53.9096279108066,54.8000748365495,54.9911445225943,52.2978275115387,54.8058499231259,47.0490269731666,51.2359496949334,49.4835349104326,53.9467017494026,46.1738865952859,45.2627443318214,53.4942953137273,50.6481882324411,50.1536369504639,51.3183012916869,27.6895126759564,52.6330333407928,50.0367023160914,42.7549807787233,31.1618779883821
FUE 50,59.9721400600342,59.9670252290178,59.9527396566195,59.9312668000701,59.9086915167214,59.8729169380249,59.8658100017167,59.821275727239,59.8391909787238,59.7011909002731,59.7595870833113,59.6205430027306,59.6888410165333,59.4586866076598,58.4780002552278,59.4151051221425,57.9418680736428,59.1458026474864,59.4164693946279,55.9364012767027,59.1539117667876,50.1366636198881,54.6965578488224,52.7400022018173,57.9903507757682,49.2215028132541,48.2767206136045,57.4069845035193,54.029836065125,53.4775582900312,54.790976959973,30.5646857784405,56.3393345119234,53.3480112683152,45.7064368628127,34.0400291324173
FUE 51,65.9005906280357,65.8960311964413,65.8832937528955,65.8641393847822,65.8439906177203,65.8120382988417,65.805687345083,65.7658651967414,65.7818900469889,65.6582729384589,65.7106327494472,65.5858426981856,65.6471903540217,65.4400702790689,64.5460187947697,65.4007280214712,64.0501860814082,65.1567843024417,65.4019601709192,62.1602019815186,65.1641504650353,56.5099651033553,60.9701666253181,59.0689529719145,64.0952109671312,55.6051318728208,54.6689762023776,63.5511569266461,60.3250757982195,59.7884319590711,61.0612546758777,36.9920132760337,62.5437918887112,59.6622805814717,52.114593367286,40.466612928609
FUE 52,60.3842034069446,60.3792322010074,60.3653468994767,60.3444732935029,60.3225249282346,60.2877373470414,60.2808255469145,60.2375070107298,60.2549346523475,60.1206405578708,60.1774824902206,60.0421059731977,60.1086167758345,59.8843772610445,58.9257295342577,59.8418818109474,58.3997375885017,59.5790594724529,59.8432122471216,56.4229407859626,59.5869791381511,50.6594741849929,55.1952866667973,53.2521511783198,58.4473529877533,49.7467841962575,48.8040624237385,57.8738167116606,54.5338257075994,53.9853379002142,55.2888938739636,31.1003724081767,56.8211117005378,53.8566126824931,46.2375684145166,34.5755393424671
FUE 53,58.3804023067623,58.3754885801768,58.3617634827516,58.3411297590198,58.3194324010141,58.2850400995625,58.2782064638509,58.2353750187555,58.2526072743181,58.1197989446408,58.1760175466086,58.0421124031625,58.1079059849762,57.8860417419462,56.9362842278923,57.8439829091459,56.4144041053866,57.5837689555058,57.8452997398449,54.4493062186129,57.591612284833,48.7007970988713,53.226659067298,51.2890591316095,56.4616672889362,47.7891324650095,46.8472663723965,55.8921288193152,52.5673652165946,52.0204409218983,53.3199321542175,29.1470477811072,54.8455263060533,51.8920549854322,44.2823477156417,32.6221412274614
FUE 54,56.1606621667264,56.1550361131601,56.1393262136864,56.1157220970608,56.0909185863569,56.051638932031,56.0438394472697,55.9949936399947,56.0146375075438,55.8635214969049,55.9274121797315,55.7754170150027,55.8500199277717,55.5990437960205,54.5418881271684,55.5516531220688,53.9711467122766,55.2597109089679,55.5531360081173,51.8697187519893,55.2684797747158,45.9524100236092,50.5898979984143,48.5898773727789,54.0225756600596,45.0293899082166,44.0780680604876,53.4059673503997,49.9060696458082,49.3415224688239,50.6869650327294,26.3396791029971,52.288402272745,49.2093209670168,41.4957896645681,29.8155774414986
FUE 55,67.3388909380428,67.3344227451825,67.3219396936035,67.3031665021801,67.2834169262457,67.2520939421672,67.2458675373115,67.2068222861427,67.2225353444025,67.1012944609225,67.152655879986,67.0302259908396,67.0904216882407,66.8871276016525,66.0076801288669,66.8484920595089,65.5187576965519,66.6087927159587,66.849702170766,63.648997735262,66.6160341156302,58.0259016369949,62.4678823715675,60.5767224266153,65.5631867080127,57.1229844302305,56.1884333431748,65.0259401279312,61.826703123844,61.2929007701698,62.5583700993324,38.5180330775428,64.0291558671604,61.1673681544565,53.6370180951908,41.9924929145399
FUE 56,62.7355231534209,62.7320736570298,62.7224323120584,62.70792088193,62.6926393678251,62.6683705802387,62.6635417211478,62.6332249973534,62.645432742119,62.5509845538112,62.591066857848,62.4953519654221,62.5424861434027,62.382738918505,61.6740154039844,62.3521993358181,61.2684842487037,62.1614706795091,62.3531567349164,59.6532262933736,62.1672639999249,54.3990347076471,58.5896805229497,56.8352672139763,61.3056537314978,53.5234757091274,52.6119786012621,60.8521342901487,58.0011570564868,57.5060399409948,58.6721473728477,35.0372537062904,59.9890493085291,57.3889806859271,50.1035482986204,38.5096515544376
FUE 57,58.7264614069331,58.7216432671632,58.708184603195,58.6879498735813,58.6666700766954,58.6329354700319,58.6262319087669,58.5842111790122,58.6011182045512,58.4707839853603,58.5259643366139,58.3945106257489,58.4591089805167,58.2412050729663,57.3063218303361,58.1998748493794,56.7913488320298,57.9440177386688,58.2011689728626,54.8459993282109,57.9517334623709,49.122948977788,53.6318480581605,51.7036717414595,56.8380196698127,48.213038278228,47.272636739759,56.2752121681848,52.9762395858843,52.4319772832048,53.7245533828233,29.5783677631056,55.2389163696553,52.3041693394311,44.7104164531949,33.0533351259507
FUE 58,74.4421341103394,74.4383096795328,74.4276221417963,74.4115409056925,74.3946125505083,74.3677415444549,74.3623968288913,74.3288558960973,74.3423589509129,74.2379933787513,74.2822553725839,74.1766296536703,74.2286142327245,74.0526601551754,73.2794105154589,74.0190962422277,72.8417857752979,73.8099987056268,74.0201480979986,71.1262256115608,73.8163370577646,65.7202743262367,70.0151370977792,68.2044592026158,72.8817641999215,64.8331576777556,63.9118886085502,72.3956729799495,69.4050717592093,68.8940297937299,70.1008718101883,46.2962897335676,71.4797781045786,68.7734713177815,61.3851582843071,49.7695739356947
FUE 59,56.9930507383083,56.9899973918541,56.9814618101248,56.9686105995074,56.9550721048047,56.9335602852879,56.9292783640299,56.9023831492753,56.9132156904354,56.8293181773659,56.8649478270945,56.7798054260285,56.8217591508599,56.6793685549524,56.0411028148703,56.6520827510768,55.6714439889028,56.4812181078391,56.6529384561227,54.1720248776418,56.4864195110817,49.1046553495633,53.1654513130234,51.4802711302527,55.7054513099742,48.2439352422639,47.3450550427007,55.2888686791394,52.6031990136985,52.1276901408362,53.2439580473391,29.8238179292689,54.486949233989,52.0149610355792,44.8604285944479,33.29504349796
FUE 60,84.2014912780225,84.1975512587248,84.1865412593605,84.1699763621082,84.152540856791,84.1248690015168,84.1193656023692,84.0848334227449,84.0987345904617,83.9913248664116,84.0368687131016,83.9282060993102,83.9816758165459,83.8007678434711,83.0080319438256,83.7662821621315,82.5608545183078,83.551604026905,83.7673627941451,80.8160215318912,83.5581075210751,75.3674003243215,79.6913593590932,77.8648621146737,82.6016653750896,74.4771115038391,73.5531687503485,82.1059641972735,79.0752062642569,78.5596887378303,79.7780209619538,55.9264690393216,81.1746850118426,78.4381496452447,71.0214519517339,59.3999925576044
FUE 61,55.4990526022299,55.494153600785,55.4804695459637,55.4598972810909,55.4382642367879,55.4039732243585,55.3971596193706,55.3544530083799,55.3716351873287,55.2392077239225,55.2952665192145,55.161738646272,55.2273483075756,55.0060933134427,54.0586198283342,54.9641465170143,53.5377980844395,54.7046021721058,54.965459856323,51.5757183885527,54.7124258976429,45.8310830675458,50.3543661089385,48.4181999333688,53.5849705587178,44.9196846034528,43.9780406956322,53.0164622237506,49.6956332856342,49.1491139766085,50.4475527291806,26.2787240560077,51.9714344732828,49.0208159460162,41.413531237211,29.7537983991828
FUE 62,57.607052876467,57.6015450961715,57.5861646637165,57.5630533826138,57.5387649314983,57.5002950719139,57.4926555305503,57.4448050265267,57.4640499399774,57.3159579558215,57.3785826748366,57.2295695424858,57.3027215852789,57.0565307435221,56.0167983423331,57.0100135940318,55.4538648911292,56.7232509625497,57.0114692884817,53.3738352869942,56.7318691841317,47.4822464372789,52.1028210676839,50.1123037412915,55.5046310308424,46.5609262857597,45.6110171232029,54.8954808940179,51.4227418113882,50.8608765166103,52.1993067488809,27.8783042640783,53.7890318218258,50.7292544602042,43.0313254612209,31.3540833495341
FUE 63,78.2696890997314,78.2654247515377,78.2535101330983,78.2355888740591,78.2167317522688,78.1868162837412,78.1808685124071,78.1435618742714,78.1585770543276,78.0426589285602,78.0917827944874,77.9746450893366,78.03225658904,77.8375539547598,76.9911279568654,77.8005080690517,76.5179575007737,77.5703735651098,77.801668595817,74.6947755671009,77.5773333732133,69.1353314077135,73.53443332034,71.6668580527212,76.5610249753936,68.2369583860885,67.3062180555265,76.0393696753807,72.9024084233515,72.3752733636868,73.6235185352186,49.6514532025432,75.0669793920066,72.2511945551951,64.7618631296828,53.1255790972914
FUE 64,67.6025426246356,67.598684418804,67.5879026542271,67.5716800777228,67.5546035059814,67.5274984237485,67.5221073237343,67.4882766146042,67.5018960574568,67.3966403376817,67.4412772149357,67.3347632159748,67.38718224713,67.2097785815905,66.4308155974901,67.1759448155866,65.9903834008081,66.9652126611306,67.1770050963824,64.266193009861,66.9715994064872,58.8475881488033,63.1510887707513,61.3357196098142,66.0306066439225,57.9595273116691,57.0374620511337,65.5416871164071,62.5392195163045,62.0268502233353,63.2370979820485,39.4185537967611,64.621255283129,61.9060007951177,54.509245894457,42.8919094064093
FUE 65,88.2712157629831,88.2672262549543,88.25607820493,88.2393062725267,88.2216537127647,88.1936391768968,88.1880678883057,88.1531117046666,88.1671831478447,88.0584719864084,88.1045636927748,87.994603494369,88.0487076099467,87.8656847138122,87.0646630139856,87.830805889664,86.6134429691878,87.613750116738,87.8318987932134,84.8563003898669,87.6203239078369,79.3899453580452,83.7259701590632,81.8928986943327,86.6546056014726,78.4983479836645,77.5733033555159,86.1548492052469,83.1072830951031,82.5899058653197,83.8130180125398,59.9420390121696,85.2171046233505,82.4679596650572,75.0395340957193,63.4156607630519
FUE 66,56.0834063552569,56.0803731871608,56.0718939390053,56.0591273372816,56.0456777077457,56.0243065245684,56.0200525144391,55.9933319887366,56.0040942999195,55.9207361957626,55.9561380331563,55.8715369561753,55.9132252625755,55.7717252386682,55.137113384492,55.744606803716,54.7693389691323,55.5747667965607,55.7454572757942,53.2761181419504,55.5799375959209,48.2191197772386,52.2726575598357,50.5913187551302,54.8031795193283,47.3592438039841,46.4610837393178,54.3885529162522,51.7118553035339,51.2374347611447,52.3509465162634,28.9429242331666,53.5899113393797,51.1249466953099,43.9778219806089,32.414081920066
FUE 67,83.4647473927531,83.4639925315607,83.4440950163659,83.4416157185616,83.4328223613123,83.3557178989636,83.3449514965326,83.387349234044,83.3437189754829,83.1534147397182,83.1739391984667,83.3103091892728,83.0533126255711,83.2495523947441,82.9094761004776,83.1638470512043,82.7742660788372,81.9068274089157,82.818761035301,81.4158806653935,82.1190538209339,79.7245119756247,72.6997237526249,70.6837315452148,80.7207707475583,80.392642956075,68.2332316124502,81.4666539425263,81.0252202608354,63.3535649326632,69.2416025167732,75.3938997706456,76.3333406651734,80.6126496246105,78.3661973331198,75.9548256712934
FUE 68,65.357136578265,65.3564502483122,65.3383552595572,65.3361000368603,65.3281004720599,65.257894070942,65.2480820272856,65.2867090291017,65.2469586222582,65.0731675923821,65.0919427290538,65.2164959004865,64.9814896614717,65.1610457211384,64.849450311962,65.082711691615,64.7250072065286,63.9197320928272,64.76599298958,63.4591628200612,64.1177985740625,61.8507429618848,54.9692757547174,52.9666964172438,62.8018893480014,62.489722877144,50.5260134721784,63.5069418679941,63.0904693319336,45.6551046356814,51.5309975878436,57.6325629826226,58.5559535612308,62.6991548419813,60.5399227119912,58.1843183740338
FUE 69,55.2491254488959,55.2485654501019,55.2337952928423,55.2319536599911,55.2254197377638,55.1679819680549,55.1599410472791,55.1915766957288,55.1590202133155,55.0160541149464,55.0315478716999,55.1340341450487,54.9402316823967,55.0884723222199,54.8305461398403,55.0239316298274,54.7266590307814,54.0430389067097,54.7609288680441,53.6438361654889,54.2129384451637,52.2098484950658,45.6560884720921,43.686065066032,53.064848282301,52.786343136568,41.2694301080016,53.6855086078976,53.3203382213346,36.4201339959807,42.2660966431008,48.2456907601486,49.1314843076683,52.9734308273902,51.003729469818,48.7759078679474
FUE 70,60.9324096369584,60.9317226934275,60.9136115627378,60.9113543329456,60.9033476571275,60.8330794069591,60.8232587987099,60.8619196289369,60.8221344143363,60.648194892465,60.6669857861072,60.7916452326267,60.5564409928179,60.7361473634482,60.4242950114084,60.6577469930314,60.2997543355025,59.4939111806933,60.3407719452388,59.0330613792095,59.6921077626828,57.423865532698,50.5410224669325,48.5383120521692,58.3754357669555,58.063119831697,46.0975329161934,59.0808681645841,58.6641638172215,41.2265380848209,47.1025502413454,53.2046100353158,54.128155842513,58.2726508806019,56.112594316976,53.7564541877049
FUE 71,56.0366510579719,56.0358118418864,56.013696668135,56.0109418328638,56.0011726312711,55.9156047847709,55.9036698130101,55.950687979621,55.9023037206895,55.691870977087,55.7145197154548,55.8652891904146,55.581565469792,55.7980552212051,55.4235134225245,55.7033816474434,55.2754033288732,54.3348360486727,55.3240949823823,53.8089692649394,54.5635205816295,52.0248572744899,44.8482797083352,42.8185993451665,53.0710894537107,52.7251551742737,40.3581348702525,53.8631612674762,53.3933811284944,35.4696168970131,41.369938342123,47.5743062141009,48.5304801522396,52.9569435199786,50.6150927870553,48.1447772357623
FUE 72,61.0048983085152,61.0039762222227,60.9796835658042,60.9766583386601,60.9659317896601,60.8720788196275,60.8590023989273,60.9105373115972,60.8575058739435,60.6275078076627,60.6522129642284,60.8169742944157,60.5073523808313,60.743435189757,60.3356527718251,60.6400621406584,60.1752334516174,59.1662140252641,60.2279217488846,58.6084352870433,59.4101104723291,56.7418975845348,49.4373002079649,47.3964732472529,57.8321303206455,57.47040844528,44.9279343582571,58.6657298994096,58.1703644110854,40.0322721015929,45.9425155042754,52.1895119954545,53.1595838344739,57.7126289885672,55.2878114262469,52.7678988597289
FUE 73,58.0531943113556,58.0524032865563,58.0315548997234,58.0289574395802,58.0197455637902,57.9390090859083,57.9277408807946,57.9721222558517,57.9264509971617,57.7274910057302,57.7489300365374,57.8914927626371,57.6229924452316,57.8279518005061,57.4730209221558,57.7383876179196,57.3322337304832,56.4330010016599,57.3785441036822,55.9267652801709,56.6524092891135,54.1944551036193,47.1016040858986,45.0794095247065,55.2128352851224,54.8768414772418,42.624387750781,55.9790384238288,55.5251485194444,37.7406996614257,43.6343169706463,49.8101707745871,50.7571488084428,55.1020547171504,52.8132171714706,50.3753980819064
FUE 74,74.0133631908303,74.0125230816291,73.9903844344864,73.9876266835623,73.9778471573872,73.8921898652597,73.8802425572594,73.9273095199635,73.8788750550802,73.6682303530407,73.6909014138006,73.841822492901,73.5578177799096,73.7745202662725,73.3996169900084,73.6797523536477,73.251372342917,72.3100498852176,73.3001077255159,71.7838269994134,72.5389032577526,69.9987831679326,62.8207231960999,60.790911705289,71.0455149584865,70.6994019916656,58.3303520357062,71.8380537373011,71.3679864224056,53.4417496877697,59.3421882751717,65.5470564380563,66.5033924361774,70.9313084831739,68.5885103385214,66.1176198272245
FUE 75,60.8296412567197,60.8286656551798,60.802967443735,60.7997677608029,60.7884236785783,60.6892357623756,60.6754256514316,60.729865651985,60.673845308283,60.4313209156708,60.457338307732,60.6310551733467,60.3048941742921,60.5534745869165,60.1245436902835,60.4445411003788,59.9563598055466,58.9048076601809,60.0115652215237,58.3275677300575,59.1580623991532,56.4118111807466,49.0336455228033,46.9865726441806,57.5281322376367,57.1570012746133,44.5135249015152,58.3867443577743,57.8759233029874,39.613884061301,45.5296556617183,51.8006289613876,52.7785977299904,57.4054330758816,54.9318672743311,52.3835088298384
FUE 76,114.283746134452,114.282975006745,114.262649759486,114.260117304935,114.251135665693,114.172396822801,114.161404553708,114.204695063569,114.160146212243,113.965943642683,113.986880203366,114.126039357641,113.863859844645,114.06402886449,113.717256147463,113.976585171874,113.579528698145,112.697704915345,113.624843293636,112.19982018999,112.913185784173,110.489806954467,103.433811314332,101.414962101015,111.49615159163,111.16444063148,98.9623778739668,112.251274681424,111.80417969623,94.0808565856377,99.9714671992689,106.134607667587,107.077511248325,111.386819419844,109.121011348035,106.697510103414
FUE 77,75.9416273575631,75.9408060307377,75.9191610607357,75.9164646336663,75.9069022672574,75.8231267425388,75.8114390267154,75.857479256877,75.8101011932115,75.6039190835549,75.6261199607968,75.7738490367603,75.4957623458305,75.7079836836065,75.3406973587751,75.6152024254943,75.1952912361503,74.2699327991394,75.2431039208522,73.7512571492959,74.4952121439773,71.9860221258123,64.8396532514908,62.8126556692987,73.0221226175401,72.6798091160301,60.3541399011213,73.8047471550198,73.3407743836744,55.4673499086344,61.3652724920698,67.5594109274195,68.5122766409836,72.909203095093,70.5865918932557,68.1279960735464
FUE 78,85.3274684740285,85.3267180403622,85.3069369556467,85.3044721283534,85.2957300276823,85.2190706165165,85.2083657356326,85.2505203236221,85.2071402478054,85.0178984897968,85.0383105741724,85.1739203561486,84.9183369424203,85.1135051903467,84.7752557762736,85.0282737488758,84.6407334729547,83.7772343250587,84.6850044622843,83.2881935763159,83.9885680125444,81.6019661766657,74.5858468096908,72.5706522126509,82.5954402447796,82.2683008199199,70.1207345905572,83.3387795391049,82.8989036917618,65.2415863524975,71.1289047418611,77.2781771594866,78.2166541314811,82.4876530562156,80.2465540846805,77.8385527233734
FUE 79,55.1087487134001,55.1076535378539,55.0788164717074,55.075227426977,55.0625054998827,54.9514405070065,54.9360006738052,54.9968988535431,54.9342342045325,54.6640233038315,54.692929088417,54.8864330864398,54.523831093636,54.7999066845688,54.3245957523183,54.6787087613187,54.1395632844027,52.9973805760422,54.2002202246176,52.3795835529982,53.2703390661254,50.3636992455474,42.8420551172479,40.7831259323152,51.532663677809,51.1424360223802,38.3015498918292,52.4426578933755,51.8999806180583,33.3944049497731,39.3206087922854,45.6372767764191,46.63045707371,51.4034601289631,48.8325050355403,46.2288014059085
FUE 80,60.1405461431532,60.1398683895158,60.1219990319175,60.1197718651752,60.1118717024995,60.0425299677946,60.0328376739979,60.0709917086754,60.0317279623837,59.8600137124483,59.8785684247444,60.001635226211,59.7693986769979,59.946851972376,59.638851708404,59.8694458794708,59.5157746450593,58.7184615843587,59.5563147858314,58.261830169989,58.9147031031918,56.6643230369684,49.8022770212049,47.8015527910441,57.6095052063176,57.2994409358529,45.3622317541826,58.3092196894192,57.8960037276606,40.4925408537041,46.3667456253755,52.4613167945682,53.3825138523242,57.5074791723913,55.3598582397757,53.0118177675759
FUE 81,85.672343523868,85.6715550615108,85.6507740434083,85.6481849540443,85.6390027249689,85.5585234177323,85.5472907278466,85.5915316881318,85.546004903824,85.347656918641,85.3690313380654,85.511156235791,85.2434687755757,85.4478121869895,85.0939299350194,85.3585207311566,84.9535355912802,84.0565334542914,84.9997181405806,83.5513649740118,84.2754392060909,81.8218955473272,74.733712275404,72.7119396931703,82.8387439167451,82.5032956287538,70.257225210216,83.603533574611,83.1505108705175,65.3738101535546,71.2670485652336,77.4412977247639,78.3877606226403,82.728147888123,80.4422373093352,78.0062311486638
FUE 82,55.4770387625552,55.4763733103794,55.4588276086944,55.4566406895908,55.4488831292181,55.3807821803662,55.3712617736013,55.4087369860454,55.3701717180286,55.2014403047553,55.2196782611338,55.3406101302744,55.1123532296069,55.2867845879162,54.9839531654403,55.2107116172027,54.8628428364714,54.0770231100105,54.9027412059532,53.6260951234746,54.2706257191268,52.0444599394778,45.2109049087166,43.2129186335692,52.9809553605537,52.6739495546222,40.7756094830909,53.6729199017154,53.264429165899,35.90771910988,41.7794285063806,47.8636867467439,48.7816579269774,52.8799596676602,50.7492840590036,48.4123424302446
FUE 83,56.7700819142537,56.7693063265824,56.7488638110787,56.7463167839493,56.7372835302482,56.658096768161,56.6470426148197,56.6905777555175,56.6457771991894,56.4505071955677,56.4715565395082,56.6114793850747,56.3478812444591,56.5491255437007,56.2005210256653,56.4612059813512,56.0621058657276,55.1763620775104,56.1076443143995,54.6765926183569,55.3927283543928,52.9615334290003,45.8971531237655,43.8775401141855,53.9706042835738,53.6379238688318,41.4243990703383,54.7282319952448,54.2796016192875,36.5423826100969,42.4336802827292,48.5997218171782,49.5435537642692,53.8609443392553,51.5899133153922,49.1631540586235
FUE 84,79.8685243951136,79.867710121914,79.8462505649005,79.8435771715867,79.83409637581,79.7510279249591,79.739437783952,79.7850921355106,79.7381111027418,79.5336076516896,79.5556315517597,79.7021598540149,79.4263003777831,79.6368348763049,79.2724172271692,79.5448011591622,79.128081915033,78.2087637729148,79.1755464136411,77.6929544420473,78.4326881550497,75.9352752823386,68.8010942196957,66.7751847822724,76.9673146572107,76.6264509600768,64.3174600086165,77.7461643458996,77.2845106636564,59.4313718339055,65.3283202276961,71.5183129170803,72.4698408194738,76.854886015491,74.5400010640119,72.0861352596268
FUE 85,55.8503656709419,55.8494203353832,55.8245169889439,55.8214159558965,55.8104210576591,55.7142488868544,55.7008533913248,55.7536515202915,55.6993204126886,55.4638700078974,55.4891467581421,55.6578064072047,55.3409815271785,55.5825086191708,55.1655081914635,55.4767143899103,55.0016981659068,53.9740445259864,55.0554860370657,53.4077053453509,54.2220497789519,51.5194216886688,44.1820635528443,42.1384410349445,52.6211979437127,52.2553172071807,39.6678826860985,53.4658287429839,52.9636511159979,34.7704375096084,40.6831580157176,46.9408780214191,47.9144745621211,52.5002837198108,50.0538558729295,47.5212707204077
FUE 86,77.0969364586292,77.0961866316664,77.0764215016607,77.0739586573255,77.0652235806304,76.9886251612828,76.9779287121479,77.0200499764146,76.9767041882578,76.7876080683381,76.8080047471916,76.9435103232361,76.6881206341692,76.8831419837635,76.5451430474063,76.7979755059854,76.4107150659978,75.5477565586953,76.4549553359326,75.0589775795531,75.758967684187,73.3734569374047,66.3585314092275,64.3434467920404,74.3665480826271,74.0395445354761,61.8936094773534,75.1095378107729,74.6698760031895,57.0145327487425,62.9017519410998,69.0506073540496,69.9889515088651,74.2588067984363,72.0184442707352,69.6109070839005
FUE 87,64.0128781130336,64.0121927141731,63.9941222205992,63.9918700436598,63.983881269824,63.9137687264725,63.9039696801047,63.9425453456333,63.9028477612986,63.7292820874102,63.7480333099021,63.8724251945165,63.6377194564765,63.8170473897073,63.5058419538903,63.7388140430805,63.3815469506257,62.5771342326205,63.422484423048,62.1169909612192,62.7750031707994,60.5097498536221,53.6303739237412,51.627993908228,61.4602523353889,61.148312910754,49.1874572449899,62.1647278849294,61.7486074162618,44.3166791916677,50.1923908565775,56.2932044977207,57.2163590895744,61.3575943581987,59.1996148787635,56.8448249473716
FUE 88,54.2697860361529,54.2686597857706,54.2390073809423,54.235317248601,54.2222376917706,54.1080958333912,54.0922346315855,54.1548037580514,54.0904200516165,53.813081428859,53.8427281463105,54.0413246473903,53.6693665812376,53.9524922976386,53.465321277874,53.8281426819631,53.276019569359,52.1112242346393,53.3380555932024,51.4834971778475,52.3890488640203,49.4435850793515,41.8886818077582,39.8270642403551,50.6250967537199,50.2302957260317,37.3435599918675,51.547520833025,50.9971157068565,32.4347222423821,38.363280407781,44.6903427968939,45.6870132487527,50.4943327013755,47.9003550121205,45.2838490487046
FUE 89,59.9663118644491,59.9677022856868,59.9397682922023,59.9500160126376,59.940755321681,59.8627320338785,59.8496297226231,59.885370039368,59.74646964973,59.7159797198628,59.6023099155596,59.8417659857635,59.4295287188009,59.7873202846001,59.6201261770026,59.5809026617241,59.5208134328886,57.8255199497852,58.314931383829,59.0819617721122,56.4759649301234,58.4236912540029,55.4557039340716,55.4728260411164,51.203621040466,58.1419229120691,55.2346438259138,56.0999943380693,57.616383021775,49.2786598984726,43.4511540706311,56.6028230798443,31.9531030842985,57.1815671518425,56.463305959887,55.9651090791624
FUE 90,55.4313967776541,55.4323836598971,55.4125393205405,55.4198236046575,55.4132411370705,55.3576217087278,55.3482535488341,55.3737888954853,55.2742136850915,55.2522357198376,55.1699214722737,55.3426271064549,55.0436723941232,55.3035922793745,55.182862379857,55.1543530397253,55.1105415716944,53.8110502455043,54.198154950873,54.7856757754643,52.6997108643744,54.2829218842534,51.8224538782132,51.8374077786739,47.9274244648504,54.0623574042217,51.6287254042854,52.3798209364791,53.642907198666,46.0833832403359,40.3654160479043,52.8066987332739,28.9039921974429,53.2883689468139,52.6890079649005,52.2640661652236
FUE 91,61.7565346168166,61.7581628029772,61.7254690844275,61.7374587732866,61.7266236858401,61.6354904145033,61.6202134011083,61.6619039234685,61.5001952320094,61.4648111875491,61.3332424807079,61.6110481209366,61.1342694098794,61.5476658966798,61.3538284689959,61.3085245540915,61.2392423756665,59.335986299189,59.8764233652214,60.7374977262222,57.8743054655009,59.9974135675184,56.7909148433309,56.8089719648788,52.3935271600736,59.6846469889613,56.5581253389557,57.4732199609719,59.1069021113864,50.4378893858488,44.570088421319,58.0101756801168,33.0588700958596,58.6338224409337,57.860762564088,57.3298740643976
FUE 92,55.2747897838783,55.2765315422134,55.2415660135364,55.2543867147874,55.2428005343512,55.1454285047795,55.1291192818058,55.1736358458684,55.0011253027311,54.9634343067832,54.8234610255458,55.1193365962211,54.6122806148046,55.0517225627095,54.8453442355269,54.7971941139988,54.723619847417,52.7267203133457,53.2895363173695,54.1928650793507,51.2171660716144,53.4159470302876,50.107584618809,50.1260257403047,45.6519109352554,53.0894846517425,49.8699878744681,50.805596467672,52.4889897776035,43.684312247362,37.8009771673282,51.3568193446075,26.284725814957,51.9994825058783,51.2032527158969,50.6587380130934
FUE 93,57.2719663258413,57.2736352344303,57.2401268060141,57.2524145417996,57.2413100725266,57.1479380962309,57.1322904877623,57.1749955119475,57.0094068530218,56.9731933623787,56.838600470043,57.122903513021,56.6352282040444,57.0580012099949,56.8596534771212,56.8133247692345,56.7424963870504,54.805261875928,55.3538615876776,56.2302753330071,53.3260295431239,55.4768248854314,52.2329848443216,52.2511837758491,47.813980516995,55.1590699394515,51.9984193720005,52.921083956993,54.5730168015232,45.8538841863566,39.9802812148768,53.4632911754799,28.4671802596807,54.0939206112748,53.3123503465563,52.776443474501
FUE 94,72.2945609868298,72.29584831005,72.2699797377606,72.2794711768822,72.2708939964198,72.1985761206943,72.186422624278,72.2195685070197,72.0906408873863,72.0623007069742,71.9565228118691,72.1791270726892,71.7953749259103,72.1285892018007,71.9731147891954,71.9365804311655,71.8805672656171,70.2809155479491,70.7462365608566,71.4699390816093,68.9857923123979,70.8492837566718,67.9971131453444,68.0137624444903,63.820411933933,70.5820404711745,67.7819972753726,68.6223035307593,70.0813102536461,61.9118630441481,56.1061882522494,69.1081978306074,44.6153391067033,69.6649608349889,68.9735708140426,68.4916475177382
FUE 95,62.2504471936056,62.2519090929611,62.2225436853065,62.2333154032515,62.2235811281012,62.1416096460616,62.1278515972804,62.1653855337658,62.0196005216514,61.9876300258877,61.8685355349266,62.1195952965969,61.687788157682,62.0624519945467,61.8871922469259,61.8461231950696,61.7832402830091,60.0236413504799,60.5290279736712,61.325165172722,58.6385270743763,60.6415978019745,57.5979685669901,57.6153927627169,53.2984028130649,60.3501586023169,57.3731151314034,58.2545054800584,59.8082242029355,51.3632800223317,45.5223533705858,58.7682664836415,34.0198988109272,59.3613059184018,58.6255852822309,58.116900895897
FUE 96,57.0022640442423,57.0033630336563,56.9812698708205,56.9893783045129,56.9820510244542,56.920188096185,56.9097770442859,56.9381609549226,56.8275821522952,56.8032129953044,56.7120611984003,56.90352544975,56.5726124304488,56.8601781576264,56.726379231799,56.6948420322783,56.6464201554027,55.2309616208008,55.648759660657,56.2889212847184,54.046176025836,55.7406516878672,53.1234796557874,53.1391301376784,49.1104883807281,55.5018568975144,52.920950069214,53.7085881322623,55.0503774520559,47.2388045606716,41.4828763336167,54.1593970915591,30.0086193336713,54.6712383226588,54.0348584592402,53.5867603251225
FUE 97,58.7813954334739,58.7831190180637,58.7485169470938,58.7612047165607,58.7497386846371,58.6533639629725,58.6372196296948,58.6812846710824,58.5104986317962,58.4731754712235,58.3345408816796,58.627535555427,58.1253009962809,58.5605971048573,58.3562176105994,58.3085204568679,58.2356287951983,56.2534816167975,56.8127964362696,57.7094728852717,54.7513662273973,56.9383568188267,53.6458252281053,53.6642072587707,49.1990696319161,56.6140412131444,53.4089678593585,54.3414164769591,56.0170997304673,47.233288522673,41.3523076749625,54.8904341840317,29.8368175584793,55.5301485846161,54.7375101653583,54.1950999936702
FUE 98,61.7502725773512,61.7516615802279,61.7237559952445,61.7339933150772,61.7247420240352,61.6467971424877,61.6337078604096,61.6694125435868,61.5306490114848,61.5001885423039,61.3866267673946,61.6258519245573,61.214004462019,61.5714598494296,61.4044262827561,61.365239544363,61.3052060169181,59.6112048327024,60.1002934006331,60.8667386322658,58.2623728476943,60.208976448528,57.242527281951,57.2596431915937,52.9914239974116,59.9274032397257,57.0215450320261,57.8865667989131,59.4021951630608,51.066673922156,45.2394476308156,58.3891721869344,33.7414885569065,58.967625058923,58.2497196523891,57.7517371868849
FUE 99,66.5573018518298,66.5584554781892,66.5352667217064,66.5437765709854,66.5360865128522,66.4711861788703,66.4602684017992,66.490036813511,66.3741173336878,66.3485902488779,66.2531670928224,66.453713142114,66.1073626039554,66.4082728554014,66.2681498702579,66.2351515228241,66.1845077083393,64.7142896478902,65.1463724098834,65.811381085135,63.4959148383971,65.2416016941729,62.5528472006728,62.5688076497539,58.4883835491124,64.9942841721939,62.3464074446249,63.1503559099517,64.5279573262352,56.6049247911716,50.8329991574804,63.6119545338781,39.3533788087181,64.1375224379924,63.484319639534,63.0258036852328
FUE 100,59.121276170324,59.1225509877536,59.0969330145558,59.1063326779939,59.0978384416057,59.0262134896578,59.0141753260877,59.0470059103361,58.9192914252409,58.8912131600875,58.7863980257929,59.006948853585,58.626672911677,58.9568863653634,58.8028405198707,58.7666345660428,58.7111196111662,57.1233100617665,57.5856205714755,58.3039555752655,55.8350586140805,57.6879566235122,54.8504112421607,54.8669999376301,50.6834682168664,57.4225235586712,54.63605792951,55.4731593336069,56.9249011030667,48.7770693914271,42.974268827385,55.9568983551318,31.4843714538054,56.5108778755341,55.8228927387182,55.3430430649163
FUE 101,88.4232620370245,88.4245826475365,88.3980471099848,88.4077827921894,88.3989848714279,88.3248235102304,88.3123632816323,88.3463477836134,88.2141947337412,88.1851586167348,88.0768238825274,88.304884025806,87.9119012795723,88.2530822443956,88.0938127121198,88.0564065631537,87.9990712935302,86.3681561369492,86.841395533305,87.5792655776389,85.0550327182942,86.9463161293569,84.0558403503826,84.0726474176434,79.8538388781622,86.6743062840752,83.8387400106456,84.6873949908704,86.1654097034033,77.9397428362936,72.126667882689,85.178916362479,60.6333721013522,85.7429615265918,85.0426659391615,84.5553313731077
FUE 102,68.8833967501989,68.8845607041636,68.861164885473,68.86975059326,68.861991977876,68.7965179066379,68.7855044603892,68.8155342958491,68.6986069264327,68.6728615124075,68.5766335825097,68.778891875403,68.4296333413537,68.7330566069188,68.5917415436745,68.5584680647499,68.5074060742093,67.0269619506649,67.4616975803979,68.131345425031,65.8023897587371,67.5575481314096,64.8555910681917,64.8716081336266,60.7817917761415,67.3086451329121,64.64843751922,65.455368447155,66.8395650339691,58.896215675388,53.121424250967,65.9189473268238,41.6408458890036,66.4470429564197,65.7907435714507,65.3303171228193
FUE 103,57.1681444819765,57.1692516471351,57.1469945255227,57.155163036308,57.1477814619708,57.085463796582,57.074976855348,57.1035680969884,56.9921892105595,56.9676464746981,56.875854040481,57.0686797790093,56.7354510216059,57.0250189326229,56.8902718103189,56.8585153669393,56.8097599702542,55.3860358928386,55.8059986419613,56.4499112241511,54.1961363269288,55.8983955276345,53.2703220565679,53.2860200729725,49.2493973678498,55.6583107694901,53.067192585607,53.8573299109833,55.204578942255,47.3758874814827,41.6174716544328,54.3097878198867,30.1423789193449,54.8237218429726,54.1847763508661,53.7350851908598
FUE 104,66.0257394357761,66.0269100589607,66.0033805314488,66.0120152230637,66.0042123384039,65.9383678345432,65.927292627463,65.9574912346789,65.839913276916,65.8140269650665,65.7172797784527,65.9206430362462,65.5695083054743,65.8745528099368,65.7324685003504,65.6990175287923,65.6476858002305,64.16065878532,64.5970997167518,65.2697338036838,62.9321094860954,64.6933498743759,61.9829209181432,61.998974223288,57.9031565319339,64.4434272633122,61.7753105420504,62.5841510625943,63.9725780125158,56.0162304555959,50.2396135755409,63.0489990370682,38.7584254164906,63.5787160011244,62.9204306161288,62.458780027971
FUE 105,56.1700274533248,56.171830086574,56.1356473276782,56.1489131698777,56.1369246525172,56.0362148417242,56.0193540882229,56.0653811423796,55.8871052440869,55.8481857878822,55.7037454848729,56.0092416065074,55.4861004057019,55.9393690249094,55.7263173030861,55.6766567331502,55.600807568566,53.5551184799168,54.1294492772113,55.05476657702,52.0212305882593,54.2586625982885,50.8985064529747,50.9171394093318,46.4140071458735,53.9251291924564,50.6585103063849,51.6043857206931,53.3129630709487,44.4405641833759,38.5496745608534,52.1627920816945,27.0309841472956,52.8150853464077,52.0071305052867,51.455764134554
FUE 106,59.1067703309943,59.1083199640628,59.0771982216913,59.0886127311726,59.0782974993577,58.991488160481,58.9769275612728,59.0166573303381,58.862454814346,58.828677970236,58.702976811085,58.9681909346848,58.5125605877825,58.9077495616555,58.7226559013165,58.6793423953878,58.6130659558985,56.7766679978317,57.3009015858472,58.1317702261171,55.3501386971037,57.4179886542201,54.2862660681917,54.3040355369283,49.9330618890311,57.115100171688,54.0570814159559,54.9568415335599,56.5538828980505,47.9866209899754,42.1308315372892,55.4832066161565,30.6235213026724,56.0928311122556,55.3368704377572,54.8161123577192
FUE 107,78.7371338579221,78.7385042761843,78.710970940718,78.7210719727379,78.711943856455,78.6350265426286,78.6221080422083,78.657345670847,78.5203762460582,78.4903020903901,78.3781572050774,78.6143543625471,78.2076197882824,78.5606652916733,78.3957370499591,78.3570327563164,78.2977300380002,76.6207212325742,77.105557740142,77.864308012779,75.2814276978322,77.2132297185177,74.2670728018352,74.284106746609,70.0289464765666,76.9342251816209,74.0471204219056,74.9077954957526,76.4133887530344,68.1069978879326,62.2834848752599,75.4074503522437,50.7867474844544,75.9820596705466,75.2688507776284,74.7737013217319
FUE 108,73.9266469714111,73.9279524086869,73.9017208796372,73.9113452366927,73.9026479287412,73.8293267143878,73.8170062565435,73.8506086064154,73.7199251395816,73.6912060299785,73.5840357289419,73.8096107079123,73.4208315215202,73.7583847913165,73.600843848938,73.5638346645602,73.5071013239983,71.8903907411886,72.3600376882702,73.0914712142485,70.5854204191168,72.4641078278599,69.5909814047407,69.6077171865937,65.4003931531658,72.194261436081,69.3747775998429,70.219659315492,71.6890684031467,63.4887946141213,57.6790487165541,70.7086352498812,46.1868528987674,71.2693836071515,70.5731193690166,70.0882321531588
FUE 109,68.8094925476923,68.8107415589202,68.7856407504528,68.7948510045628,68.7865279500371,68.7163334613939,68.7045334574349,68.7367130036575,68.6115042299609,68.5839672286139,68.4811425586906,68.6974496409008,68.3243614408922,68.6483690592295,68.4972759141481,68.4617491590913,68.4072648941542,66.844061550833,67.3000970987634,68.0072774775573,65.5701837893427,67.4009528308645,64.5940025319709,64.6104637890721,60.4476514303466,67.1392893992765,64.3812532085689,65.2116192943216,66.6481499110098,58.5458091158143,52.7491107496813,65.6908374376286,41.2612368407038,66.2389886329769,65.5581345476149,65.0826362737532
FUE 110,60.6812989919513,60.6826639530973,60.6552399293344,60.6653009387999,60.6562089941949,60.5795934891164,60.566725158235,60.6018255890201,60.4653832896863,60.4354226733996,60.3236943305699,60.559001519005,60.1537701569461,60.5055189987944,60.3412095843866,60.3026471525009,60.2435593657567,58.5715612571494,59.0551415384543,59.8116224627542,57.235091560937,59.162515041419,56.2223658162226,56.2393754213375,51.9881005553673,58.8842689721707,56.0027193093689,56.862104047353,58.3647247240711,50.0669874663755,44.244582960095,57.3608839786489,32.7482105413656,57.9343547177654,57.2225372542345,56.7282280738019
FUE 111,60.6263008848585,60.6266360068219,60.6001863717002,60.6080122538363,60.5918402761956,60.5459614028364,60.5365016343211,60.4868822146091,60.2344150927156,60.4522935692685,60.3639630162338,60.4531094530319,60.258136398702,60.3615299976506,60.2278127453754,59.7479282885262,60.0740045020285,59.5154193114359,57.7309072995637,59.9228950698425,57.8574414089185,59.3175904831748,58.5924745764056,58.4425023171096,46.3749763487532,58.3713008979842,58.0164988257761,47.8539952894805,56.147360899849,56.4330246727943,54.9821261098052,57.820647308223,49.9641116869691,55.3893946325448,56.121556464211,56.6439911341282
FUE 112,54.1352016499338,54.1354983739341,54.1120712583946,54.1190045393753,54.1046755292372,54.0639920489498,54.0555974784882,54.0115317377022,53.7864636543488,53.9807812307472,53.9021297601494,53.9815068923983,53.8076706658698,53.8999608731023,53.7805589284701,53.3489135819868,53.6427365866415,53.1381022311129,51.488945599432,53.5068453320653,51.6074884552644,52.957921517171,52.2915480839448,52.1526372720104,40.3912962666113,52.0865647487728,51.7561865309195,41.8617980365067,49.9888610314311,50.261522427161,48.8689340860965,51.5730406150929,43.9535107270285,49.2616767906422,49.9641913921109,50.4623493100391
FUE 113,71.0812848204349,71.0815404039177,71.0613539961483,71.0673297549368,71.05497820429,71.0198786327468,71.0126306303013,70.9745522838791,70.7792575686852,70.9479489680235,70.8797899118336,70.9485770551848,70.7977160254663,70.8779080351981,70.7741160531881,70.3958752798914,70.6538531986132,70.2094971369259,68.7188432671858,70.5348048750921,68.8277257689487,70.0493823326135,69.4510761034302,69.3252072971435,57.956137687599,69.2652066312058,68.9639590115529,59.414839980902,67.3220545762812,67.5783293388907,66.2601069379651,68.7961101732627,61.4812439029562,66.634110812671,67.2988203700186,67.766454126255
FUE 114,56.0522948240251,56.0525054627141,56.0358621629818,56.0407904741438,56.0306026276247,56.0016240350512,55.9956349230038,55.9641418659395,55.8018790598679,55.9421110706724,55.8855616376759,55.9426314707449,55.8172680730572,55.8839981630035,55.7975905880106,55.4798393394364,55.6970421187115,55.3216716250651,54.0227065962499,55.5970636952028,54.1194556557032,55.1849826441476,54.6679243855482,54.5579459188794,43.7221814167783,54.5053794202628,54.2401225705068,45.1630936980989,52.7595788894294,52.9941585417565,51.7759492602948,54.0913910646997,47.1917446291065,52.1243712650961,52.7382542136829,53.1655964909741
FUE 115,56.719746667899,56.7199628251459,56.7028843302651,56.7079413304236,56.6974876221121,56.6677562942485,56.6616122531406,56.6293081159187,56.4629606146915,56.6067135094389,56.5487302205852,56.6072471937715,56.4787303407295,56.547127374072,56.4585662952587,56.1332627765549,56.3555665410787,55.9715413355179,54.6478881903317,56.2532076812532,54.7462282254537,55.831885988317,55.3044305952824,55.1923987798701,44.2838079222749,55.1388693903224,54.8689305980578,45.7272757503961,53.3669767947711,53.604475337019,52.3727046226974,54.7176984150765,47.7613203010054,52.7246211698229,53.3453946034918,53.7781497836448
FUE 116,63.1943929339557,63.1946241131376,63.1763612019887,63.1817683929187,63.1705912593115,63.1388125886348,63.1322473242424,63.097738922649,62.9203136967096,63.0736129533837,63.0117385066253,63.0741827104838,62.9371142858873,63.0100288811896,62.9156328313798,62.5699507153493,62.806004300237,62.3986852918383,61.0095135048189,62.6972214931414,61.1120349452729,62.2510853822553,61.6959409155864,61.5784693478596,50.4828072654973,61.5223922873267,61.2400950266344,51.9326530640563,59.6822379038823,59.9272994984361,58.6605438714566,61.0822818693854,53.9802018634967,59.0214380701353,59.6599893469987,60.1067812427946
FUE 117,58.5443260511706,58.5446428717666,58.5196335811388,58.5270341597833,58.5117402625831,58.4683356801067,58.4593830175683,58.4124064673038,58.1729520011574,58.37964326962,58.2959124048401,58.3804162527735,58.1954809867202,58.2936048312965,58.1666804132438,57.7095995504883,58.0204438222436,57.4873039386733,55.7658962046601,57.8765287847676,55.8887338484681,57.297762401176,56.600102445041,56.4552781285788,44.5274719103193,56.3864612937461,56.0429939665676,46.0026765933651,54.2207378910333,54.5004474438159,53.0761755908087,55.853025422313,48.1045371231968,53.4768292274959,54.1954526578425,54.7067639489044
FUE 118,60.0847217137201,60.0849365739557,60.0679603579118,60.0729871146137,60.062595886255,60.0330414422002,60.0269338046619,59.9948202301452,59.8294320113723,59.9723580746672,59.914711569164,59.9728886384016,59.8451123569337,59.9131179690891,59.8250625408544,59.5015308070991,59.7226381238802,59.3406422651908,58.0227609699133,59.6208377346925,58.1207298073698,59.2016817559579,58.6766589069482,58.5651069716674,47.6734239817992,58.5118025557293,58.2429571261569,49.1163021770765,56.7459916761052,56.9828112551008,55.7541921023249,58.092308550196,51.1491013993436,56.1052972699556,56.7244693687287,57.1559652328716
FUE 119,54.3101537118344,54.3104646995166,54.2859145669099,54.2931795449344,54.2781656276564,54.2355503857579,54.2267595718497,54.1806269270543,53.9453374838126,54.148447016304,54.0661873296432,54.1492062876745,53.9674841516408,54.063919907635,53.9391719785256,53.4894305870979,53.795366722176,53.2704387695438,51.5696738765154,53.6537670737191,51.6912913078768,53.083585554222,52.3948807951802,52.2517439410333,40.3707698769834,52.1837096581101,51.8439698837726,41.8446691367198,50.0372696516988,50.3149911117784,48.8996381319266,51.6559411223126,43.9437093730322,49.2980692280909,50.0121579507571,50.5197575391272
FUE 120,79.0480168917854,79.0482664521928,79.0285546926146,79.0343901662611,79.0223283692519,78.988047815142,78.9809681345556,78.9437695957104,78.7528706044996,78.9177764979677,78.8511642853693,78.9183902203287,78.7709218154215,78.8493247815127,78.7478422243086,78.3775749277248,78.6301886351672,78.1948825061707,76.7287281735038,78.5136545148349,76.836087739456,78.0378125256741,77.4499565445569,77.3261117268759,66.0213368540517,77.2670557507637,76.9703617101641,67.4780047086483,75.3484717339852,75.6020933060881,74.2960056523784,76.8049182352892,69.5400667376925,74.6669289764099,75.3254704960117,75.7881694591014
FUE 121,74.1697558483655,74.170030199658,74.1483651237871,74.1547778426419,74.141523831458,74.1038747046812,74.0961029706429,74.0552884701795,73.8463573245572,74.0267887461679,73.9538273785933,74.0274614630258,73.866076763451,73.9518140507041,73.8408655867347,73.4380357725927,73.7125358279546,73.2403534473382,71.6755365738513,73.5857332190039,71.7889803563092,73.0709294581722,72.4408729481485,72.3088903176431,60.751366476803,72.2460399622326,71.9310911437248,62.2158665179116,70.2296402544224,70.4937462405951,69.1398602382262,71.7560280289061,64.2946790421266,69.5228806291296,70.2057193152761,70.6879307862199
FUE 122,61.685235795677,61.6855489419663,61.6608288815388,61.6681440445922,61.6530265072305,61.6101191090982,61.6012683865154,61.554823345221,61.3179915358739,61.5224274912639,61.4396230671365,61.5231918391902,61.3402798201204,61.4373407764717,61.3117867345456,60.8593251254232,61.1670806766001,60.639107882906,58.9306729768949,61.0246228888953,59.0527444252023,60.4512570973176,59.7592264826301,59.6154624419186,47.7170209138953,59.5471372525033,59.2060113425245,49.1914086714881,57.3935184122455,57.6719809258519,56.2533018078634,59.0172609536974,51.2915039662157,56.6525621624546,57.3683420177613,57.877324990796
FUE 123,93.478664023095,93.4789323619796,93.4577409343593,93.4640136971955,93.4510487288617,93.4142159609437,93.4066118836343,93.3666730561288,93.1621004936294,93.3387800344939,93.2673542255104,93.3394384754074,93.1814172781475,93.2653829134542,93.1567205740042,92.7617261597547,93.0309646996592,92.5676358237441,91.0262269588449,92.9066331610655,91.1382389558434,92.4011651109378,91.7811486883843,91.6510936148018,80.1520789995174,91.5891410702829,91.2785032610083,81.6148050514924,89.5956802656695,89.8573464300778,88.5145469527453,91.1057063352431,83.6898152781244,88.894770358873,89.5719731340814,90.0496409756557
FUE 124,64.6560544608093,64.6563331064937,64.6343297562455,64.6408424235689,64.627382000824,64.5891500222174,64.5812586103465,64.5398191598899,64.3277805915295,64.5108865713327,64.4368300900867,64.5115694724724,64.3477868762894,64.4347868071058,64.3222092039216,63.9138068478016,64.1920469987396,63.7135756404535,62.1322362626002,64.0634868887009,62.2466863149281,63.5420586984081,62.9049050425506,62.771563059229,51.1732615559709,62.708079900175,62.3900956587354,52.6389843331841,60.6755874931039,60.9413982647834,59.5797788107638,62.213438955816,54.720420465853,59.9647470907486,60.6515172369399,61.1369045359231
FUE 125,56.0611413634151,56.0615105713575,56.0323795761544,56.0409969428912,56.0231911119267,55.9727133779121,55.9623119970477,55.9077902826185,55.6313093716321,55.8698205567488,55.7729884344398,55.8707158542055,55.65722250328,55.7703239156772,55.6240992964604,55.1026302229436,55.456414930847,54.8516945365193,52.9559628300607,55.2921839968558,53.0888899563698,54.6390028592351,53.8652058716265,53.706200383131,41.4042426085945,53.6308246508057,53.2562664711211,42.8893990668985,51.3068905593944,51.6026155129634,50.1070100578339,53.0502166466002,45.0128482956435,50.5253167352176,51.2802105548271,51.8214651348762
FUE 126,67.6131054471649,67.6133406485632,67.5947606567311,67.6002615859969,67.588890817962,67.556564370216,67.5498864459665,67.5147887203597,67.3344075261622,67.4902535546644,67.4273401712228,67.4908329486892,67.3514827868988,67.4256020525049,67.3296503258774,66.9785557309005,67.2182576877591,66.8047664876526,65.398456662037,67.1077685338068,65.5020621420137,66.6550710510779,66.0926607986662,65.9737686634576,54.8305896165463,65.9170270609203,65.6315131450132,56.2820136121614,64.0592486152043,64.306245748994,63.0305721418697,65.4719917955409,58.3329135307014,63.3937462371934,64.0368297246005,64.4872165756316
FUE 127,65.8169825138512,65.8172901480392,65.7930040190463,65.8001910257573,65.7853381031256,65.7431768375367,65.734479124276,65.6888320101799,65.4559410405506,65.6569877733191,65.575575045734,65.6577391529251,65.4778673954281,65.573330745353,65.4498366714493,65.0043307928182,65.3074332563602,64.7872492403543,63.0984722336234,65.1671697489415,63.2193785443214,64.6019521156365,63.9184419130337,63.7762857861569,51.922772176707,63.7087065149821,63.3711358926432,53.3958996016745,61.5735198613069,61.8500774525408,60.4399523716745,63.1842371029596,55.4932735920678,60.8370791067499,61.5485097896716,62.0539370194739
FUE 128,73.6829616915429,73.6832059787215,73.6639098177646,73.6696224498575,73.6578143856057,73.624251204091,73.6173189870815,73.5808914054388,73.3938486903998,73.5554332013685,73.490177524363,73.5560343304783,73.4115423250052,73.4883751929306,73.3889196582001,73.0256664087307,73.2735587040476,72.8462244082622,71.4018087890775,73.1592361421094,71.5078102752006,72.6918435639287,72.1132441356308,71.9911969762643,60.7443620469648,71.9329805927833,71.6403383871665,62.1991713971448,70.0363531927517,70.2875922385189,68.992424039708,71.477038480388,64.2572725768491,69.3605698362664,70.0135612888809,70.4718306365028
FUE 129,58.3207267752488,58.320971441146,58.3016454309596,58.3073668860857,58.2955405973504,58.2619258848395,58.254983074106,58.2185001017722,58.0311801891826,58.1930034620213,58.1276502891761,58.1936054960908,58.0488995367644,58.1258452857191,58.0262440126135,57.6624859814362,57.9107181470427,57.4828098004321,56.0368238015332,57.7962364290267,56.1429236074857,57.3282350910431,56.7489674876539,56.6267904128162,45.3757413851096,56.568513335487,56.2755780711131,46.8306867190882,54.6702948292986,54.921706888087,53.6257450229376,56.112123022977,48.8890775279087,53.9940928759723,54.647487719909,55.1060786790599
FUE 130,69.9101459062922,69.9104375284306,69.8874121654776,69.8942267691618,69.8801428242648,69.8401508265176,69.8318981447678,69.7885728157908,69.5671733011248,69.7583346336726,69.6809774341184,69.7590482463468,69.5880425687192,69.6788439121687,69.5613623257059,69.1362412622555,69.4256929513038,68.9283914343504,67.2980946823688,69.291859641432,67.4155053575741,68.7506319583189,68.0923988539188,67.9550349806792,56.2383526175681,67.8896812569029,67.5627392829909,57.7075626305623,65.8099781499845,66.0807577233786,64.6966592198411,67.3813896830677,59.7964940629608,65.0872747668819,65.7854730549463,66.2801215825775
FUE 131,57.6458170970891,57.6460477723646,57.6278245869499,57.6332200334497,57.6220671605191,57.5903571280446,57.5838059814971,57.5493714371049,57.3723168389482,57.5252967571343,57.4635525566946,57.5258653062653,57.3890829770521,57.4618465038138,57.367645548475,57.0226428143229,57.2582383458164,56.8516945101229,55.4646816236616,57.1496697167939,55.5670662218786,56.7043580623132,56.1501282014483,56.0328356539826,44.9431998373347,55.9768423618357,55.694950778497,46.3928442881016,54.1389148438755,54.3837313780106,53.1181058881527,55.537353192225,48.4399658222477,53.4787109165343,54.1166878589937,54.5630246720057
FUE 132,63.4935789668756,63.4938969178857,63.4687986483479,63.4762255034773,63.4608773532639,63.417319839065,63.4083358230717,63.3611958133134,63.1209351619518,63.3283196585603,63.2443039715953,63.3290952968764,63.1435381107869,63.2419886262714,63.1146430526474,62.6561438407988,62.9679362906151,62.4332107052536,60.7078326514611,62.8235737955486,60.8309043584671,62.2431508366497,61.5437670010827,61.3986183216971,49.4618697060774,61.3296511162276,60.9854679673002,50.9373221017218,59.1602325115751,59.4403221315827,58.0143468609394,60.7951272058732,53.0397181032159,58.41542459149,59.1349141137482,59.6469351116196
