"","MUE 1","MUE 2","MUE 3","MUE 4","MUE 5","MUE 6","MUE 7","MUE 8","MUE 9","MUE 10","MUE 11","MUE 12","MUE 13","MUE 14","MUE 15","MUE 16","MUE 17","MUE 18","MUE 19","MUE 20","MUE 21","MUE 22","MUE 23","MUE 24","MUE 25","MUE 26","MUE 27","MUE 28","MUE 29","MUE 30","MUE 31","MUE 32","MUE 33","MUE 34","MUE 35","MUE 36","MUE 37","MUE 38","MUE 39","MUE 40","MUE 41","MUE 42","MUE 43","MUE 44","MUE 45","MUE 46","MUE 47","MUE 48","MUE 49","MUE 50"
"FUE 1","68.245969369756","68.219090046157","68.20764322047","68.177213708465","68.147097968285","67.989673444504","68.023599025282","68.100495950147","68.105938574495","68.010274233759","67.585520393757","67.797395337311","66.531941590994","67.716975375296","67.537004366094","67.246351877137","67.283359886892","66.097892816492","65.35553454027","67.090717129983","66.803745727836","66.461139348241","53.423377901483","65.539880102966","66.150807899813","53.797792669905","65.269837028565","53.304369193177","45.32225123258","45.304590284068","58.568659527258","65.829028010011","59.366436494332","58.117724977151","65.703420899601","62.518658324965","52.826154673951","65.495420867763","65.167007192031","61.444240004166","37.661142934741","50.221152728372","63.104681245876","51.533454862059","62.040001730619","60.797707748792","54.705288026193","40.130331671631","55.740875880035","60.179100501753"
"FUE 2","67.083159822174","67.05975943954","67.049788472172","67.023265845421","66.996993273797","66.859283519806","66.889013198999","66.956292629793","66.961048885327","66.877339838052","66.502959833683","66.690250091388","65.556927667415","66.619286596037","66.45992548766","66.200996587382","66.234069708708","65.160765405085","64.475665983416","66.061585196992","65.803192186992","65.492543538618","52.842980502044","64.646625208983","65.209244762125","53.215484129307","64.396014098113","52.724545712891","44.759834314935","44.742186763111","57.940336962975","64.913688109097","58.724290837289","57.496179084151","64.797841853367","61.789680258765","52.248485839005","64.605442769377","64.300293559325","60.751926074873","37.101462273024","49.651843728809","62.351704089369","50.960555098818","61.328443008102","60.123576086448","54.117607054491","39.570217644639","55.145534454999","59.520064285884"
"FUE 3","57.335608436836","57.310652981189","57.300022102807","57.27175196416","57.243759532714","57.097213981724","57.12882604092","57.200416322432","57.205480027791","57.116411929095","56.719362027831","56.917734275946","55.724445882542","56.842512185319","56.673852016603","56.400562284476","56.435419794922","55.310905404904","54.599386035627","56.253784610575","55.982378911234","55.657123593364","42.825459109082","54.776538688059","55.361423633119","43.19888042388","54.51693367109","42.706748695714","34.733668815276","34.716014816074","47.945764807186","55.053797191085","48.736313427769","47.498369891986","54.933448252466","51.84287806731","42.229653886172","54.733841128848","54.417917257599","50.787790848459","27.073979690639","39.628993790088","52.416205738858","40.93943148022","51.373415411446","50.150816539813","44.103581946676","29.542943689086","45.135183254497","49.540130156147"
"FUE 4","72.604821918606","72.578454622237","72.567224906324","72.537369822602","72.507818712541","72.353283946878","72.38659543689","72.462082882258","72.467424814836","72.373512400769","71.956095263577","72.164398650388","70.91793854752","72.085354528363","71.908373237044","71.622298991586","71.658740684821","70.48924513252","69.754904740652","71.468994506016","71.186109900569","70.848046346421","57.863228233564","69.937383966946","70.541535285812","58.237392259062","69.67004849453","57.744294805097","49.764455926559","49.746796729051","63.002193030715","70.223441921862","63.798136760738","62.552155364459","70.099202136487","66.938726396165","57.266362829311","69.893382043522","69.568206647314","65.869244233578","42.103705171549","54.662455975155","67.521498702459","55.974287963416","66.462419495933","65.225146540523","59.144182235302","44.572837294241","60.178762988586","64.608553840009"
"FUE 5","84.572975725259","84.547300598221","84.53636443388","84.507286194396","84.478498913367","84.327877060438","84.360356520287","84.433935312333","84.439140948471","84.347601004939","83.940143810491","84.143593674434","82.923053388993","84.066418118355","83.893502062188","83.6136658531","83.649335075419","82.50171685694","81.778431349931","83.46354241451","83.186246470105","82.854409832464","69.943318927002","81.958332974247","82.55314740704","70.317128668951","81.694737840697","69.824491873718","61.847875590394","61.830218870355","75.073373466679","82.240129179909","75.86673714861","74.624599006048","82.117774358029","78.991016821535","69.346959189403","81.914962401362","81.594262206717","77.928443028692","54.187630767362","66.744600515202","79.569250022228","68.055767722314","78.517996071539","77.287759560187","71.222922253422","56.656682772854","72.256081092949","76.673995534913"
"FUE 6","54.880432857872","54.856505248876","54.846310509939","54.819195204621","54.7923391789","54.651629516114","54.681998634433","54.75074175958","54.755602369122","54.67007366436","54.287979716582","54.479044190281","53.325223139878","54.406631087786","54.244101360221","53.980270269998","54.013953088425","52.92308549392","52.228871667212","53.838340192898","53.575490999205","53.259829846087","40.546842125325","52.401970772821","52.972266715731","40.919669730906","52.148251537418","40.428310021778","32.460642068596","32.442992237516","45.652287244119","52.672551988917","46.438560376592","45.206990120067","52.555152606675","49.518378830738","39.95188470842","52.36026503143","52.051390951576","48.474561460291","24.801804370422","37.353823299104","50.084348331798","38.663144572382","49.054266251801","47.843188775145","41.822702761265","27.270633508403","42.851926247995","47.237159417739"
"FUE 7","61.307903288334","61.285402027164","61.275812764705","61.250301373974","61.225024664357","61.092440994977","61.121077230041","61.185855377488","61.190433391346","61.109834069906","60.748676215261","60.929489282151","59.831531112484","60.861011748835","60.70709242701","60.456603852504","60.488625817447","59.445763692801","58.776595568837","60.321539101899","60.070853245111","59.768899790121","47.231785231529","58.943806184291","59.493020045755","47.603702764299","58.698641511231","47.113526513425","39.154169703591","39.136526283661","52.314545510108","59.204716781432","53.094328258735","51.87243881921","59.091584711418","56.133906702688","46.638127928582","58.903539987583","58.604921394721","55.1069693619","31.496641941863","44.044055625898","56.688913907146","45.351662405271","55.677793852692","54.484027661127","48.504179916308","33.965263550893","49.529765232183","53.885028364052"
"FUE 8","72.982825811372","72.957152296283","72.946216815653","72.91714038574","72.888354884281","72.737742152585","72.770219672232","72.843794014919","72.848999333404","72.757464920582","72.350030977848","72.553469504454","71.332989912534","72.476298311652","72.303391754695","72.023570139328","72.059237553332","70.911670673522","70.188411207328","71.873454150806","71.596171308398","71.264349288993","58.353433071108","70.36830675392","70.963099201529","58.727241966498","70.104720440894","58.234606272021","50.257997692445","50.240340978331","63.483466340766","70.650092918738","64.276823871928","63.034694892922","70.527742536686","67.401064746962","57.757074541918","70.324937669361","70.004248030637","66.338507369815","42.597754079385","55.154719568331","67.979287176052","56.465885186255","66.928051802265","65.697832023874","59.633033170466","45.066805893262","60.666188613813","65.084074732971"
"FUE 9","56.669291838081","56.647161220721","56.637729340811","56.612634992016","56.587769118037","56.45730228468","56.485486681584","56.549231841148","56.553736276278","56.474421271883","56.118738704639","56.296866623763","55.213638141919","56.22941898708","56.07775702834","55.830777601061","55.86236201096","54.832232751669","54.169778793436","55.697523779112","55.450055253873","55.15174131832","42.662640783131","54.335406424324","54.878975120754","43.034303425598","54.092542343983","42.544458647311","34.587432950693","34.569791331172","47.739067898172","54.593723198953","48.517046427549","47.297849359095","54.481734790867","51.545515328304","42.069347730608","54.295526964495","53.999668243378","50.523222272711","26.930273121987","39.476393919967","52.097518722084","40.783519817032","51.09160061365","49.90260886664","43.934065100827","29.398836431114","44.958632898682","49.305555402083"
"FUE 10","95.091388843626","95.065216762125","95.054069830813","95.024433805874","94.995098057067","94.841666108925","94.874743158821","94.949692683401","94.954996196699","94.861752411675","94.447139405823","94.654076904557","93.414898505688","94.575558767943","94.399721244119","94.115400595302","94.151625234707","92.988266184161","92.257018189068","93.962989648217","93.681673727229","93.345356300109","80.381075888768","92.438776886351","93.040315641953","80.75514182453","92.17248686734","80.262171911044","72.283224984149","72.265566472172","85.517571964024","92.723642858817","86.312800168813","85.067884510818","92.599930388902","89.448859445931","79.784350477347","92.394951475757","92.071026725467","88.381297695967","64.622614217796","77.180872160522","90.03036875486","78.492520150415","88.973466316212","87.738148286714","81.66165590087","67.091724173275","82.695842848362","87.12234082883"
"FUE 11","59.732969021949","59.699317211709","59.68500214254","59.646993655593","59.60944205883","59.414174107948","59.456111994211","59.551459402483","59.558223344932","59.439631016648","58.920251114112","59.177913220495","57.67473461506","59.079793393275","58.861626367324","58.513176664947","58.557289201376","57.176124419101","56.339010486461","58.328439794654","57.990932649063","57.592887830847","43.960063585378","56.545213065217","57.236519977789","44.337096900578","56.243499664413","43.840269055726","35.834433988797","35.816754873059","49.171845562802","56.870812448749","49.989132442854","48.71140089965","56.729034359406","53.267431385603","43.359106548072","56.495387112629","56.129175653286","52.139022840082","28.169617797466","40.742699366741","53.88941266507","42.059893983376","52.76298316147","51.466129518521","45.251967940748","30.639393419957","46.298110206367","50.825840488485"
"FUE 12","59.760505729829","59.73275672391","59.720941219069","59.689536496828","59.658462519834","59.496139026854","59.531104932745","59.610391142486","59.616004534901","59.517370538479","59.080215375133","59.298120326963","58.000751007784","59.215375898057","59.030360611967","58.73200172131","58.769961811652","57.55777074625","56.80209524395","58.572452882341","58.27863053895","57.928428954988","44.803687965323","56.989534842037","57.611726553464","45.178508126286","56.71500422664","44.684557559114","36.698757830045","36.681094054796","49.959201124139","57.283813088806","50.759954744225","49.506811491251","57.155934569986","53.931141074415","44.205886327463","56.944317142832","56.610538760635","52.848658785891","29.037072394014","41.599114974694","54.522487577128","42.912176608568","53.448642885658","52.19815817582","46.087144245378","31.506352508087","47.124361654718","51.576271621951"
"FUE 13","61.962830787207","61.939741463321","61.92990253729","61.903729685844","61.877801519761","61.741863736237","61.771215551569","61.837630374322","61.842325005372","61.759690863479","61.389875595836","61.574930843487","60.453784598461","61.504825408745","61.347341478001","61.091321072514","61.124032172461","60.061189003907","59.381545035184","60.953406067941","60.697663929175","60.390002283915","47.778715255664","59.551221784755","60.109249016081","48.151021076334","59.302473771777","47.660339886947","39.697434792497","39.679788633946","52.871140246468","59.816178277777","53.653682846379","52.427676045388","59.701261538733","56.710319325145","47.18450317055","59.510352877786","59.207437144312","55.676237502324","32.039347423293","44.588728049559","57.269957751933","45.897066799786","56.25082258189","55.049721384159","49.052588459347","34.508057695552","50.079725032445","54.447738551858"
"FUE 14","57.943356245004","57.9229178998","57.914204834655","57.891015946907","57.868028174297","57.747254000873","57.773367288215","57.832382012992","57.836549743212","57.763116497091","57.432618386708","57.598373323877","56.583551679053","57.535666311805","57.394417099668","57.163685176899","57.193239650232","56.222657861544","55.592007148372","57.0388450285","56.806373418442","56.525100473551","44.26872347915","55.750111148485","56.266977210234","44.639110165864","55.518186560028","44.150924794576","36.20559057057","36.187957995427","49.313579950422","55.99613397876","50.0826147164","48.876772244237","55.889560992974","53.056494984413","43.677254609298","55.71206832117","55.429343729552","52.056922041078","28.550279528121","41.089908008919","53.593879465553","42.394622088631","52.613315833494","51.447752869351","45.535292636228","31.018549829543","46.554776343319","50.860291639905"
"FUE 15","58.998227223238","58.977406851567","58.968531480798","58.944912246588","58.921500163617","58.798533915317","58.825115919233","58.885200548886","58.889444398878","58.814680790929","58.478470565779","58.647035033258","57.61660260859","58.583252299651","58.439637084703","58.205204610465","58.235222009198","57.25099088096","56.612991052454","58.078443948982","57.842542002815","57.557360067858","45.246404431164","56.77283735633","57.295868447651","45.617096488772","56.538378661676","45.128513962946","37.180378284513","37.162743539979","50.29879659455","57.021702199645","51.069958601097","49.860938558519","56.91387808322","54.056750362155","44.654498866273","56.734369420181","56.448600760291","53.051818629299","29.524623719526","42.065809069944","54.5975715609","43.371101057288","53.611041779528","52.43994208809","46.514135195988","31.992964322863","47.534834224294","51.850207419415"
"FUE 16","67.110065874256","67.088760600466","67.075435011602","67.00530027129","67.036630585537","66.839490137291","66.969242178545","66.976944651193","66.904155403765","66.667171136012","66.430926161618","66.527591474106","66.379196756503","66.048995180882","65.54776800611","66.354230103942","65.151370657981","65.958868964383","58.501594633205","65.344077056782","65.314813383584","65.486924921513","62.22829801998","59.232117724741","62.464456393081","57.113758043837","58.615869192605","62.557281009344","59.822716415523","59.357169399134","63.68643980567","64.721127111389","41.85476045724","63.428278058576","64.567806657036","47.268434753989","50.201867351465","64.350319481984","64.461448321105","63.876529156269","59.448787939106","50.886743789703","64.140433394485","49.022955334229","63.833188157978","63.44829629935","42.027236493276","59.157262891808","62.095790755352","63.123972945585"
"FUE 17","57.336013544166","57.315649557761","57.302910466322","57.235834354104","57.265804166473","57.077070082383","57.201330485919","57.208701992572","57.139018089996","56.91180542965","56.684805267711","56.777746159677","56.635036438505","56.316833409047","55.832216607023","56.611008027505","55.447702333487","56.229832147276","48.896620295205","55.634763178658","55.606372553164","55.773266478145","52.586054270889","49.622099871434","52.818613975985","47.516325652314","49.010160420818","52.90997050394","50.207958527697","49.746200566526","54.018567761252","55.029218300914","32.276822363198","53.765579874681","54.879821821007","37.689010046106","40.620430197557","54.66767420428","54.776107295829","54.204650245401","49.837104925613","41.304606849344","54.462699412693","39.442492298504","54.162237992461","53.785207618909","32.449274093225","49.547801418891","52.455483361082","53.466998483321"
"FUE 18","55.056728366213","55.027462787014","55.009185528638","54.913329323443","54.956079705889","54.688908246535","54.864266053201","54.874734275774","54.776072154546","54.458782876926","54.148067109165","54.274561709831","54.080727369165","53.656345174779","53.028431100423","54.048312615898","52.543903816113","53.542063710559","45.231861560056","52.778227076387","52.742497956281","52.953412481433","49.195212075107","45.993548283743","49.45502970426","43.79790345587","45.350658017039","49.557548988772","46.613674022833","46.124505229166","50.825168879642","52.028402694364","28.422271273737","50.53168636961","51.847051968265","33.844712283856","36.79004554381","51.591750979006","51.721923665345","51.042840173135","46.220564736462","37.479069139702","51.347412795908","35.605368287309","50.993088115957","50.554358978989","28.594890478469","45.915242828358","49.050035544913","50.18868686768"
"FUE 19","63.482367861746","63.464545976366","63.453391849004","63.394594307544","63.420879077712","63.25498315024","63.364305441722","63.370778910912","63.309531006471","63.109011039539","62.907472324135","62.990131180077","62.863129419891","62.578334932194","62.140550903472","62.841700875331","61.789964994101","62.500092337664","55.535295593063","61.960862112833","61.934965800899","62.086981596449","59.109607685863","56.244958086111","59.331262691911","54.178795971953","55.646527713266","59.418181052405","56.816020387544","56.366084890153","60.465245902841","61.405412111129","39.001603649614","60.227632081756","61.267417789677","44.408998031758","47.333940462351","61.070850567274","61.171408307649","60.639471835499","56.454757637266","48.015867585245","60.8802730629","46.159136502456","60.599803940621","60.246096929299","39.173976953826","56.172400786543","58.98491942637","59.946143785274"
"FUE 20","64.599741178711","64.582207170855","64.571232626028","64.513374265394","64.539240731591","64.375943633276","64.483564346301","64.489935728942","64.429647734235","64.232178779237","64.033569886059","64.115043292679","63.989853817331","63.708938200919","63.276648055715","63.968725934736","62.930083806235","63.631718047533","56.712089643183","63.099060592754","63.07346009636","63.223714216106","60.271822560585","57.419723136689","60.492119008751","55.358658177938","56.823025174948","60.578485539138","57.988894907962","57.540469383174","61.617964548231","62.549588230696","40.189590865267","61.382234776252","62.412965307363","45.596355536693","48.520448217374","62.218278556436","62.317884838496","61.790742597234","57.628856752344","49.202080581419","62.029445464074","47.346055189798","61.751409440076","61.400556852129","40.361953860109","57.347388782332","60.147868783562","61.102850001409"
"FUE 21","62.913706051391","62.894847120184","62.883046227501","62.820868235893","62.848658217488","62.673421526607","62.788856761998","62.79569732847","62.730999210384","62.519536173035","62.307522154353","62.394415578714","62.260942252213","61.962337895601","61.505089909713","62.238441253763","61.140326510651","61.880464474021","54.759044006063","61.317985933198","61.291047048083","61.44927644467","58.383118721989","55.475587994426","58.609448596167","53.392165269411","54.871281146215","58.698267688827","56.053074891017","55.598007060027","59.771570647084","60.741530448627","38.18764159767","59.527421131355","60.598735377141","43.597146274499","46.524938509949","60.395596404373","60.499477641346","59.95082785596","55.687649193397","47.207854732435","60.198934057969","45.348756103894","59.909996107895","59.546380804873","38.360049440059","55.402273869642","58.255905772629","59.238650741519"
"FUE 22","56.725947506285","56.697560311059","56.679828724961","56.58679812476","56.62829580593","56.368760283983","56.539157863584","56.549323779157","56.453482970376","56.144855727237","55.842045871949","55.965388299169","55.776348031355","55.361760428494","54.746724507109","55.744714812198","54.270958725666","55.249960528019","47.019850867191","54.501164564758","54.466077447143","54.673125985265","50.962390402484","47.778855834904","51.220070032805","45.589829555477","47.138259286758","51.321710181999","48.396424379775","47.909302623173","52.576577585836","53.763782380677","30.223983833605","52.286383319225","53.585136533674","35.645697597061","38.590041475785","53.333459608684","53.461810704726","52.791664181583","48.004978056999","39.27871970645","53.092398547375","37.405843832392","52.742514231029","52.308809657921","30.396591172523","47.700848186017","50.818354397631","51.946958392987"
"FUE 23","59.829656239927","59.813184953044","59.802873517727","59.748485184947","59.772805692095","59.619124631978","59.720446206141","59.72644003942","59.669703752313","59.483548230497","59.295838709163","59.372897887829","59.254459074443","58.988036911809","58.576380164667","59.234452429514","58.244999119289","58.914647353811","52.168646072426","58.406717588889","58.382234193145","58.525840979425","55.671375546387","52.86828985382","55.886407715621","50.827331372805","52.278412559516","55.970638249076","53.430033726897","52.987539606928","56.980887645216","57.879889638935","35.690557367933","56.752394355451","57.748482934229","41.094808449512","44.015512100708","57.560961586602","57.656940538865","57.148114799378","53.074805188479","44.695969660085","57.378788820356","42.8427575679","57.110064164563","56.770167524296","35.862879196643","52.796832503208","55.550271163556","56.481107031601"
"FUE 24","56.822710690683","56.804222315699","56.792652495789","56.731681893027","56.758934335778","56.587031470108","56.70028544738","56.70699496109","56.643528279065","56.435966836394","56.227681712752","56.313068454748","56.181897364585","55.888198431287","55.437847198046","56.159777674269","55.078094817614","55.807613051595","48.741096009721","55.253365430335","55.226794995065","55.382827632922","52.347866048735","49.45525469861","52.572563613257","47.377810266107","48.852984938647","52.660718705948","50.030512439332","49.577225558388","53.72483633558","54.684322347008","32.182721194538","53.482978182441","54.543218105126","37.591498796342","40.518308800452","54.342391747535","54.445103721312","53.902328093248","49.666531414279","41.200884015019","54.14786865034","39.342601550904","53.861904853839","53.501764452254","32.355117139104","49.382203029362","52.221534162246","53.196758199742"
"FUE 25","67.753559290883","67.73065856466","67.716339352213","67.64102864248","67.674660056968","67.463332370225","67.602344166798","67.61060570551","67.532575426725","67.279164639353","67.027469503683","67.130348596666","66.9724748017","66.622375141324","66.093841146527","66.945946917245","65.678076794697","66.527090494078","58.872657176506","65.87996692724","65.849280999041","66.029903583798","62.6570687091","59.610916150367","62.898866561443","57.473294880396","58.98805681537","62.993995270317","60.20880603342","59.737429016424","64.155636125926","65.228804025114","42.184738597515","63.88926356572","65.069163725935","47.600655279004","50.537126488133","64.843100692558","64.958555734186","64.352101717507","59.830145438123","51.223060369225","64.625350779974","49.356743199149","64.307281422536","63.90990063444","42.357251280871","59.535206808154","62.521531937382","63.575904424898"
"FUE 26","55.82838372165","55.809471842984","55.797637935747","55.735287470947","55.763154232173","55.58744152784","55.703188162505","55.710047443933","55.645173496387","55.433153749499","55.220608197205","55.307716328128","55.173914960667","54.874612302551","54.416384066049","55.151359649573","54.050909554161","54.792555673701","47.663383296727","54.228907855453","54.201916687823","54.360457876328","51.289889232268","48.380261751513","51.516449008511","46.296001146193","47.775669249961","51.605361650218","48.958061409492","48.502743687864","52.679960378766","53.651401534881","31.090157851528","52.435487328704","53.508367045757","36.499764108592","39.427693603154","53.304900784171","53.408947474208","52.859466997583","48.592432996424","40.110657487093","53.107935861343","38.251444793292","52.818577528135","52.454471479554","31.262567356015","48.306910814986","51.162552230884","52.146357057128"
"FUE 27","60.278990226741","60.258481691498","60.245652521147","60.178106473747","60.208285351575","60.018258591981","60.143363703307","60.150786089317","60.08062467344","59.851907532897","59.623481360016","59.716997052109","59.573409782191","59.253351439174","58.766159044991","59.549236448721","58.379797077996","59.165866259701","51.813203259203","58.567736279915","58.539209885347","58.706914867185","55.50852982108","52.539482747304","55.741656252611","50.431710989058","51.926859916148","55.83324386485","53.126092470552","52.663734182097","56.945070700282","57.959480357239","35.189103977615","56.691271374397","57.809471404009","40.601528759752","43.53326976646","57.596489612229","57.705343956393","57.13178103908","52.754751727713","44.217557959739","57.390746786735","42.355176574033","57.089223300175","56.710960390357","35.361559584742","52.465096090043","55.377653805953","56.391791356553"
"FUE 28","74.576907910284","74.557812934486","74.545864864961","74.482918061381","74.511050280803","74.333692142782","74.450515099079","74.457439077912","74.391957338805","74.178013931182","73.963632736091","74.051482232228","73.916548230409","73.614835798958","73.153227716352","73.893805429589","72.785303451613","73.532147224408","66.376343986409","72.964468953112","72.937297682383","73.09691307607","70.011179446128","67.094367122283","70.238527951541","65.007239682085","66.488796973711","70.327761586614","67.67323753067","67.217064271627","71.406809625231","72.383344555452","49.79688620807","71.161225097996","72.239486284095","55.206839428907","58.135237811163","72.034894221512","72.13950998634","71.587173323354","67.306915074728","58.8183645256","71.836888837833","56.958762152614","71.546085479106","71.180293325985","49.969301389435","67.020890181803","69.883416934053","70.87085891187"
"FUE 29","63.91415392045","63.896245725286","63.885037760287","63.825958705861","63.852368849982","63.685694256209","63.795526309526","63.802030370235","63.74049485367","63.5390612783","63.336646028595","63.419659450723","63.292115689562","63.006162132632","62.566738741731","63.270597254282","62.214954483884","62.92761424005","55.949422977136","62.386423631241","62.360439180372","62.512979986365","59.528038753483","56.659683298297","59.750095751615","54.592020035471","56.060742462132","59.837177443075","57.231302954511","56.780922270787","60.886490283611","61.829194088887","39.412439548966","60.648317667721","61.69079195085","44.820018813859","47.745210785576","61.49366579879","61.594506300426","61.061145861329","56.86967914073","48.427224483346","61.302570086109","46.570286141684","61.021378619856","60.666824849261","39.584815879724","56.587060292062","59.403133231289","60.366205853762"
"FUE 30","56.307626206021","56.290868641875","56.280378551257","56.225054996757","56.249792229217","56.093517331378","56.196538514027","56.202634158997","56.144939846492","55.955728862446","55.765070208003","55.843324431305","55.723057682147","55.452703996344","55.035433681229","55.702747229209","54.699909449398","55.378273745309","48.584395385162","54.863609879521","54.838821604346","54.984241743131","52.102996368287","49.286272812005","52.319486701185","47.239687607288","48.694488881369","52.404308524515","49.850090612439","49.405940603464","53.422628197504","54.330590664884","32.093837121111","53.192140581065","54.197754455211","37.498796424106","40.420454491926","54.008267395696","54.10524174105","53.591383510637","49.493519483014","41.10124277428","53.824265366027","39.247238593927","53.552979923705","53.210065109443","32.266170551035","49.214570426296","51.981102192634","52.918618798184"
"FUE 31","73.483904125751","73.465960656682","73.443152942245","73.349566793951","73.409462944125","73.316202391494","73.359803014869","73.303006272147","73.12059946079","72.83643704711","73.127329155168","72.227777642171","73.009746159169","71.054693865294","69.878291734311","72.437970027914","67.884455301493","72.321811865407","67.735664424594","68.607586307499","69.270227656079","70.68413941492","71.413007166767","57.500590600402","58.220349146051","70.198658719107","54.524239369123","71.203159321768","70.576956248059","70.477339956055","71.303762319326","69.093306082931","66.332438237488","71.087993908026","68.789067804981","60.301876931019","68.218354982617","68.426492876341","69.317662285201","70.706155077502","70.043227998621","68.135075706234","70.379914730024","67.659506071857","70.389681829517","70.31806034778","66.07139245552","69.590487747163","70.11719628976","70.089771424356"
"FUE 32","73.383809410193","73.367870774181","73.347600777551","73.264304327051","73.317637711498","73.23456081311","73.273424677743","73.222789977827","73.059693255076","72.804200696617","73.065723343165","72.251530035947","72.960225233357","71.168025226182","70.061436471133","72.44318785569","68.151687996076","72.337373445926","68.007808004694","68.848497258816","69.483028484755","70.821406263317","71.501309744358","57.902270307021","58.61954936354","70.364519973839","54.932750145581","71.306352669486","70.720797180125","70.627155710414","71.399900281988","69.314018261453","66.643681719747","71.199079378457","69.022684005597","60.691108151924","68.473957332427","68.674396872451","69.528289156447","70.842052644656","70.217625259509","68.393660085638","70.535450514273","67.934101006008","70.544649600866","70.477165509048","66.388647480979","69.788161743146","70.287567326602","70.261642813403"
"FUE 33","69.315544933896","69.296374324025","69.27201460348","69.172150475464","69.236047951978","69.136582574386","69.183066357317","69.122519905808","68.928417792403","68.627044278386","68.935569753135","67.985291794364","68.810707897676","66.760645451248","65.545198342128","68.206364302319","63.505608136952","68.084125086254","63.354187119149","64.24291457224","64.920841398383","66.37659399998","67.133197433926","53.051352283448","53.772379246033","65.875140680019","50.071512178972","66.914862838672","66.26572407018","66.162764626868","67.019481242899","64.739602401141","61.930181919029","66.795217914715","64.428348086561","55.859017876166","63.845754980495","64.058042168855","64.96946454254","66.399378655893","65.714973460645","63.760871474114","66.062145527106","63.276717593234","66.072229492984","65.998301442088","61.665966706838","65.249390533917","65.791174038223","65.762916946414"
"FUE 34","65.092309229436","65.073977569583","65.050678789848","64.955105021708","65.016268226024","64.921042521952","64.965556519307","64.907571802134","64.721455208078","64.431820971372","64.728318965247","63.812598871069","64.608423802873","62.622947870684","61.433911482413","64.026270036787","59.425172005099","63.908168265952","59.275521211537","60.152931592248","60.820552582215","62.248034719738","62.98584945422","49.018172067505","49.738349728914","61.75738399303","46.040667604977","62.773268060673","62.139659360144","62.038961397378","62.875164856116","60.642225693374","57.865489058171","62.656658354029","60.335701694625","51.821565430906","59.761112772482","59.970605240338","60.868373905978","62.270298966263","61.600417686058","59.677309547271","61.940502272925","59.198934043739","61.950371969161","61.878003538065","57.603403234313","61.143508105488","61.675109831852","61.647415133091"
"FUE 35","55.404868621359","55.379991208062","55.348426928567","55.219567230273","55.301918057386","55.173877819937","55.233610858339","55.155842617485","54.908554516985","54.530330892976","54.917613023396","53.745346274739","54.760029193829","52.308563810734","50.940674303895","54.012870746449","48.730641450188","53.864593320942","48.569676274204","49.51985241207","50.254646085842","51.871053131016","52.73841910208","38.029791521574","38.755106029247","51.307383604555","35.038186435358","52.485816203739","51.745722883441","51.629702899553","52.606606213273","50.057248949704","47.071196622534","52.348218854547","49.719898348962","40.859076275698","49.093565526787","49.321065615729","50.30773069816","51.896861582111","51.128980376128","49.002818437631","51.516652360125","48.487458788208","51.527967660753","51.445086358133","46.79576416078","50.61443230943","51.213763469807","51.182304201441"
"FUE 36","64.832562799539","64.812957519366","64.788048294855","64.685964093265","64.751276051371","64.649618001147","64.69712011308","64.635249447011","64.437027042617","64.129617211222","64.444327508175","63.476348547125","64.316908514475","62.233992429146","61.005321233717","63.701194225507","58.950435588586","63.576844562212","58.798141831148","59.692457893366","60.375492930736","61.845351685087","62.61140666574","48.473062933755","49.194502066066","61.338491923031","45.492089948693","62.390171423642","61.733231489367","61.629139534671","62.496161287081","60.192808673726","57.367266368164","62.26899853197","59.879209823105","51.282803073088","59.292658204844","59.506326298561","60.424514267631","61.868397303494","61.176726593022","59.207241274074","61.527439581577","58.72023749146","61.537630732119","61.462922689776","57.102007070307","60.706822210371","61.253680061134","61.225142221103"
"FUE 37","71.750799683951","71.734908857924","71.71469941159","71.631648846267","71.684825336341","71.601991999963","71.640742503002","71.59025529981","71.427622180247","71.172821842942","71.433635435072","70.621516576686","71.328428491048","69.54023418576","68.435410348424","70.812720396884","66.527826650965","70.707159109949","66.38407442023","67.223953652856","67.857760931863","69.194217050254","69.87289301302","56.281960804947","56.999173331066","68.73805420279","53.312624138713","69.678307744914","69.093773860128","69.000283384971","69.771679029031","67.688953971365","65.020970656809","69.571232042273","67.397952068864","59.07046502162","66.849794005049","67.050034112941","67.902965815518","69.214828910985","68.591376398766","66.769574107675","68.908722944009","66.31043125098","68.917907647317","68.850528367102","64.766094468562","68.162506598944","68.661216100134","68.635329721635"
"FUE 38","60.869419939771","60.852629563171","60.831281108942","60.743608116781","60.799733546274","60.712323104168","60.753203371295","60.69994528899","60.528613784066","60.260856221207","60.534942585746","59.684099812733","60.424280669367","58.561690655583","57.424466688415","59.883750593876","55.477451789624","59.773477872375","55.331382950924","56.185969627894","56.832961457853","58.204599552282","58.905890937876","45.167613387321","45.886016056407","57.735160200397","42.19499582361","58.70444384897","58.101108523544","58.004845686941","58.801068055282","56.660448845749","53.949780354923","58.593725753393","56.363394292892","47.962088884296","55.80489945487","56.00876240159","56.879183927171","58.225845890583","57.584509155561","55.723275213821","57.910629013751","55.256582837625","57.920077579111","57.850775872209","53.692051443938","57.144781533413","57.656223506418","57.629638668074"
"FUE 39","60.696527474718","60.680343424965","60.659762641003","60.575204405279","60.629342858849","60.545016251787","60.584461717584","60.533070304598","60.367596150379","60.108556663343","60.373712534944","59.548899881208","60.266722039647","58.45405259135","57.338481464807","59.742879125989","55.417745845199","59.635770246322","55.273218454238","56.11801427534","56.75621963395","58.104368190427","58.790526844507","45.150372876211","45.867987441283","57.643800435474","42.179927521123","58.593673983088","58.002914577443","57.908504594187","58.68812054399","56.58617744755","53.903914920933","58.485393621363","56.293156469311","47.940893499655","55.741545871181","55.942996648321","56.801763592258","58.125190334264","57.495802631119","55.660856493648","57.816062793633","55.199188056904","57.825335064643","57.757317708723","53.64808109719","57.063321503115","57.566265233868","57.540146794781"
"FUE 40","73.726928222037","73.708581642141","73.685263990382","73.589613859087","73.650825738665","73.555524547465","73.600073625734","73.542043282276","73.355784290773","73.065940252321","73.36265319165","72.446313930469","73.242669339396","71.256030974887","70.06651433318","72.660118112167","68.057210222274","72.541942011133","67.907526910259","68.785144957835","69.452954597015","70.880951977116","71.61910732751","57.649337730938","58.369531156589","70.390104756666","54.67178989996","71.406421789171","70.772531285145","70.671792203707","71.508367868218","69.274574446318","66.497237619312","71.289757084237","68.967963856315","60.452810362349","68.393228201762","68.6027719325","69.50079057975","70.903225677515","70.233080134489","68.309405152535","70.573293786537","67.830923528966","70.58316738147","70.510770568336","66.235112538243","69.776012327989","70.307799766614","70.280094821139"
"FUE 41","69.934188008431","69.91776756181","69.896887446947","69.811114370488","69.866027860731","69.780498285217","69.820503515258","69.768383829719","69.600623217277","69.338177085588","69.606822553217","68.771826409202","69.4983979769","67.666155850169","66.542052594283","68.968027636027","64.6109271866","68.859679451024","64.465789187618","65.314461200369","65.956140622163","67.313555797653","68.005668245765","54.326684649418","55.044613197809","66.849491765383","51.355373701579","67.807009170111","67.211299626265","67.116159587444","67.902312013868","65.785122089117","63.091608982866","67.697769945774","65.490506264025","57.118780562353","64.936171617262","65.138577171084","66.001952678679","67.334545007223","66.700447483922","64.855112119109","67.023018280041","64.391453836538","67.032360039337","66.963836403746","62.835023001543","66.265106258954","66.771403842794","66.745101441072"
"FUE 42","65.276564315976","65.261806913452","65.243033365671","65.165818846623","65.215270529694","65.138220992686","65.174278530824","65.127295531691","64.975695847584","64.737424449244","64.981307970905","64.218915616051","64.88304486454","63.19157296442","62.130087405029","64.399185827335","60.276282598987","64.299716926345","60.135726037173","60.955385531886","61.571204156708","62.860283430216","63.508975136269","50.120182456333","50.835695713538","62.421893348034","47.155536068891","63.32344916224","62.763909043654","62.674125413277","63.41252164718","61.407440055073","58.798287024433","63.221195835927","61.124696835404","52.900172340771","60.590706197416","60.785971794797","61.615026028955","62.880049114034","62.280559151825","60.51241725162","62.586121737567","60.06368034608","62.594952894911","62.530150605271","58.547391930421","61.866350708019","62.347876210428","62.322929423602"
"FUE 43","86.141260574777","86.124071967551","86.102219445743","86.012502756","86.069931627578","85.980498634486","86.022319628512","85.967837765968","85.792671854288","85.51922297725","85.799139561461","84.931358263831","85.686078380466","83.791195201768","82.64015274371","85.134685411037","80.676517471857","85.022360868909","80.529478826453","81.390234997387","82.042782779681","83.429364553481","84.140353519375","70.340165414604","71.059056321475","82.954265680236","67.366202889841","83.935956425552","83.324572105773","83.22712660946","84.03397828355","81.868706187662","79.14015827858","83.823675112993","81.569101174589","73.137092440151","81.006262296168","81.211646073718","82.089435055922","83.450881975963","82.801925708662","80.924049010172","83.131777825755","80.454194653797","83.14133880737","83.071218289379","78.881243314133","82.357593904058","82.874436652445","82.847554960991"
"FUE 44","56.993404851177","56.969702853687","56.939620728228","56.816706410946","56.895277132191","56.773084938292","56.830110229536","56.755860321514","56.519367988387","56.156558256021","56.528041320351","55.399724771806","56.377049537917","54.00328352052","52.663410197012","55.658201115824","50.48376258786","55.51500512966","50.324470037489","51.263823992184","51.988489537579","53.575689175062","54.422398574982","39.825167542906","40.549764243245","53.023435696622","36.835529084408","54.176232348658","53.453024171373","53.339405217044","54.293989958473","51.793981298672","48.838938413106","54.041990595682","51.461277818403","42.65082686595","50.842682658496","51.067498820928","52.040774932545","53.600939381808","52.848353346906","50.752967982336","53.228634585044","50.243083508746","53.239724298452","53.158482089617","48.565440310741","52.342665839704","52.931574937323","52.900698568307"
"FUE 45","55.064230542614","55.048064512451","55.027506546805","54.943040937069","54.997120294456","54.912885418039","54.952288196409","54.900952322394","54.735652601474","54.476873189881","54.741762655972","53.917728083696","54.634881614541","52.823709914205","51.708793964441","54.111537387798","49.788858043974","54.004523280607","49.644377715481","50.488874900972","51.126812849212","52.47424924844","53.159951204755","39.522787918242","40.240378184437","52.013949996828","36.552409560376","52.963236821412","52.372857248892","52.278503323586","53.057617725448","50.956845792237","48.275450306341","52.855029998564","50.663947575859","42.313186650565","50.112546771172","50.31392399976","51.172336180669","52.495058567968","51.866032603966","50.031885909531","52.186115244792","49.570370825053","52.195382178721","52.127403709957","48.019674534936","51.43377135281","51.936457263804","51.910352960865"
"FUE 46","63.433822946202","63.41841998782","63.387077138593","63.347518290201","63.348337857909","63.339654801256","63.299245599506","63.173508480019","63.10433793582","63.092699890375","63.247341852219","61.280616694462","62.986029943365","61.908357535787","61.534552977872","61.216944126781","59.24124020673","61.529873120188","61.754048887184","54.431174145623","51.696396323148","55.667709076103","62.016992714318","58.907635859934","54.694822812367","61.814387826965","58.230406277357","61.585938612551","61.59779633358","61.596216594068","61.180211885028","50.404600758352","60.83514782261","60.916701364383","49.420149747125","59.50226136219","61.021101989772","48.432132961972","52.713938116543","59.585036367799","61.03339560869","60.831451552817","58.171481548942","60.679020203468","58.748077441936","59.097705603043","60.178993645702","60.54986333734","59.938721592948","58.918358805566"
"FUE 47","72.844625697598","72.827100523915","72.791465607915","72.746539604499","72.747469805051","72.737615832365","72.69179222263","72.549567968351","72.471554811287","72.458444524841","72.633017150401","70.463142604922","72.338485400775","71.145104340352","70.737993112307","70.394430001407","68.295824522322","70.732915718248","70.97666705513","63.347129458321","60.581013087383","64.605893484413","71.264020550933","67.946694055734","63.614993120839","71.042465540968","67.241527140998","70.793774480787","70.80665460356","70.804938479897","70.354826249886","59.280066991485","69.984025380094","70.07146495166","58.290267394359","68.569896134384","70.183575753201","57.297977819862","61.6079649485","68.656984826576","70.196790451299","69.980065132767","67.180379128318","69.81695439904","67.7801390784","68.14545648233","69.284575391373","69.679057103501","69.030109774151","67.957896892278"
"FUE 48","54.592686922365","54.578847436595","54.550670686475","54.515078651616","54.515816365536","54.507999817145","54.471602709783","54.35813644124","54.295580759121","54.28504633663","54.424803198675","52.615604728446","54.188367938253","53.200009801462","52.852709959196","52.556010150931","50.682466827618","52.848348664114","53.056899854326","45.99425969227","43.288064259318","47.210757653549","53.300536895432","50.362151055077","46.254094021397","53.11290368014","49.709056336662","52.900576606024","52.911616765944","52.910146065672","52.521605135822","42.004689243625","52.197524635769","52.274259281317","41.025175946578","50.932386198441","52.372365512308","40.041112136315","44.296982095238","51.011505175816","52.383908541205","52.194044763027","49.652064760967","52.050388014002","50.208609794136","50.544769999325","51.577185243021","51.928441959404","51.348797304819","50.372461946782"
"FUE 49","62.594108996307","62.57243873368","62.528438843055","62.473086790724","62.474231520453","62.462107827853","62.405812183578","62.231934315883","62.137087892692","62.121184613408","62.333802204297","59.798361207538","61.976138041689","60.573288951483","60.108698335628","59.721165377718","57.423543305804","60.102942102584","60.380322132828","52.26699048138","49.456114755341","53.557984115598","60.710192722253","57.050294916531","52.540934411683","60.455573378017","56.302279099802","60.171997157233","60.186628720197","60.184678897013","59.676740184204","48.142246246871","59.263103509554","59.36028015145","47.144923683651","57.718058626012","59.485198830528","46.146640275135","50.496424328592","57.811939554224","59.499947646018","59.258707392479","56.237750973607","59.078021951659","56.872943267744","57.262533227749","58.493090893912","58.925825512506","58.215890866941","57.062239915084"
"FUE 50","63.426126436635","63.411007212982","63.380238682717","63.341398916404","63.342203651542","63.3336776016","63.293995035856","63.170476898022","63.102500413662","63.091061440004","63.243014929649","61.304361417005","62.986191885116","61.92446300358","61.555338168423","61.241404491607","59.28344876681","61.550714413824","61.772134488278","54.494105811056","51.764119103583","55.727266373887","62.031661900854","58.952127750292","54.757113113686","61.83170739995","58.279030404423","61.606103837201","61.617817463243","61.616256943167","61.205080404194","50.473730031584","60.863688351567","60.944399906964","49.490102715679","59.542557900438","61.047699576322","48.502744792273","52.780218072609","59.624702355002","61.059861821245","60.860029873875","58.220435836937","60.709129633155","58.793601337873","59.14091796074","60.213767834485","60.581229094573","59.975554875957","58.962779981005"
"FUE 51","59.143958576255","59.125586879837","59.08824168425","59.041180328482","59.042154507701","59.031835152933","58.983861857894","58.835114705601","58.753617300932","58.739927868123","58.922364043588","56.67463470376","58.614753437276","57.376886366823","56.957270288599","56.604053682088","54.460791457815","56.95204443594","57.203128429117","49.463739302531","46.686976084619","50.730118066799","57.499689287296","54.106140852369","49.733042825731","57.270980081618","53.391108190326","57.014694473799","57.027957026144","57.026189880812","56.563386746202","45.382940572611","56.183099603625","56.272701914415","44.391339204791","54.739523763851","56.387651784792","43.397612391282","47.717114084353","54.828157183334","56.40120610741","56.179042455321","53.32917873158","56.012018271346","53.937107052998","54.307990569373","55.467863597081","55.870927820687","55.208269406329","54.117513908522"
"FUE 52","67.14717509725","67.12813390951","67.089436814046","67.040688894536","67.041697794427","67.031011057547","66.981341670889","66.82745716189","66.743221249423","66.729077006134","66.917697780103","64.609605271266","66.599811805872","65.327403911418","64.898190941138","64.537599026502","62.360591612182","64.892851446386","65.149556649452","57.327675843965","54.543109288798","58.599656021716","65.453199670182","62.001811754238","57.598037224699","65.218985266237","61.279421972171","64.95687312774","64.970428649501","64.968622415152","64.496121579482","53.236815662908","64.108618092816","64.199863189223","52.24389862894","62.642817429915","64.316971762245","51.249123009812","55.575579013749","62.732610177433","64.330784486776","64.104487373609","61.216911016356","63.934494361076","61.830926693226","62.205969739188","63.381434711746","63.790984995466","63.11797542725","62.013312003449"
"FUE 53","96.79898900004","96.781075250758","96.744655147643","96.698748571986","96.699698970551","96.68963125696","96.642820177998","96.497597978738","96.417982453175","96.404605756164","96.582794020584","94.376966157883","96.282246697558","95.068331199563","94.655427423174","94.307386456235","92.187997105858","94.650281205732","94.897430353959","87.216667091224","84.445549141698","88.479004311993","95.189046004278","91.836289554522","87.485206659294","94.964179685924","91.126512451458","94.711970294836","94.725027664958","94.723287894404","94.267289211367","83.143150511081","93.892082276657","93.980526823777","82.152503532037","92.464243209933","94.093956469131","81.159537883208","85.473998439617","92.552052334978","94.107328903428","93.888076995388","91.064999036546","93.723147067919","91.668576767359","92.036493502307","93.185288770566","93.583764762752","92.928434313312","91.84757188443"
"FUE 54","55.284455903367","55.270261118519","55.241364569731","55.204870124953","55.205626466216","55.197612714092","55.160302120566","55.044037938979","54.979971449548","54.969184791248","55.112339518737","53.266723392452","54.87022054792","53.861248411093","53.507768274027","53.206172517394","51.308447054078","53.503332521416","53.715530710605","46.590823238807","43.877637054462","47.812201197027","53.96366035314","50.984953786491","46.851587861349","53.772544632216","50.326069121983","53.556457134284","53.567688244723","53.566192078712","53.171221454463","42.592195886304","52.842207363097","52.920076626023","41.611469614355","51.561015358355","53.019663433744","40.626433985484","44.888667821268","51.64100555166","53.031382908032","52.838676516714","50.268612725047","52.692951221089","50.829971299625","51.169355238231","52.213405110542","52.569302879361","51.982197222339","50.995363317562"
"FUE 55","84.271516281985","84.252984775728","84.215316819898","84.167852697101","84.168835169138","84.158428064863","84.110049583745","83.960074412801","83.877921951504","83.864123696672","84.048038912058","81.785805119931","83.737970082017","82.491807163144","82.069877240628","81.714879783339","79.563440100952","82.064623965211","82.317063749463","74.5576442506","71.77897130734","75.825392262039","82.615330873931","79.207785546789","74.827206465816","82.385295514056","78.490962350805","82.127604955388","82.14093818558","82.139161610369","81.67401700053","70.474382679287","81.291984922559","81.381984657512","69.482458944133","79.843021223435","81.497456589912","68.488475097209","72.809680226071","79.931936209942","81.51107339143","81.28790997325","78.428891272733","81.120167269274","79.038301413985","79.410196564018","80.573855166533","80.978491114178","80.313323527251","79.219189538285"
"FUE 56","68.337448841661","68.321568691505","68.28926019491","68.248492780187","68.249337271683","68.240390401666","68.198760589454","68.069299386876","67.998126977619","67.9861553276","68.145306090231","66.131867407289","67.876470140058","66.772241099135","66.39069080181","66.06701441557","64.062199438555","66.385918218277","66.614652287172","59.21853645576","56.47605064711","60.460513436194","66.883258018252","63.724872634137","59.483218639737","66.676259709419","63.040919432227","66.443101313059","66.455197295657","66.453585775526","66.029609169874","55.181996511728","65.678497870588","65.761436839349","54.196223680777","64.326341680628","65.867650079873","53.207150061417","57.495911334858","64.410146759028","65.880160074299","65.674739433318","62.981458218909","65.519790634366","63.56363345054","63.917027734002","65.012108718048","65.388569865506","64.768464374706","63.735710787357"
"FUE 57","80.043607680209","80.026490019143","79.991678783948","79.947781853811","79.948690852511","79.939061253863","79.894274531651","79.755201219293","79.678874036726","79.666044185015","79.836813850043","77.705046561346","79.548612923695","78.376978761081","77.976040537025","77.637261064837","75.560993044764","77.971036588992","78.211164765053","70.636879217418","67.876230684457","71.891745007057","78.49398170195","75.214647803085","70.904004975033","78.275950391035","74.514472012985","78.031009415186","78.043700465095","78.042009565064","77.5981851307","66.57687500437","77.232102289264","77.318464856967","65.588003741312","75.832717213186","77.429163073934","64.596455100229","68.901544131292","75.919028710571","77.442208883735","77.228190315628","74.453720067695","77.067030516238","75.049345267195","75.411851859169","76.54053784045","76.930727026545","76.288643352035","75.225764674505"
"FUE 58","83.25017335802","83.232912924356","83.197813084899","83.153555534376","83.154471963448","83.144763729797","83.099613581653","82.959435527835","82.882517017475","82.869588793441","83.041692129117","80.896526603392","82.751270609424","81.571992508375","81.16887997593","80.828414192466","78.744255922328","81.163850146056","81.405254759543","73.811428917146","71.048837899175","75.067678617975","81.689668951149","78.396925015967","74.078816699531","81.470397092106","77.694981892318","81.224135150811","81.236892819235","81.235193031941","80.78915212035","69.748916917476","80.42140478723","80.508147418427","68.759715623219","79.016810511645","80.619344029386","67.767903540946","72.074733568798","79.103396881985","80.63244942004","80.417475776881","77.634089645258","80.255627352729","78.231179119798","78.594680614927","79.727055754727","80.118761145994","79.47425262851","78.408072315738"
"FUE 59","63.286270073054","63.27066242576","63.238905327863","63.198827947993","63.199658210004","63.190861954496","63.1499289537","63.02259320369","62.952562999109","62.940781671962","63.097359612952","61.110521062875","62.832816407495","61.743713371315","61.366567355541","61.046338645036","59.058036124652","61.361847476047","61.587990096816","54.233370511826","51.495234172972","55.472274621595","61.85337533495","58.722817328373","54.49746924599","61.648876163162","58.042669690492","61.418395309339","61.430355851467","61.428762397305","61.00931568338","50.202453868731","60.661638226476","60.743790681571","49.217426408555","59.320410307889","60.848974727849","48.228948664139","52.513786706547","59.403631741282","60.861361852888","60.657915079444","57.983512017113","60.504395162462","58.562529696677","58.913791598227","60.001056158758","60.374345579222","59.759323877019","58.733590251894"
"FUE 60","58.4728001922","58.455449129407","58.420166104735","58.37567968631","58.376600830756","58.366842695348","58.321461936366","58.180583065796","58.103289553492","58.090298952843","58.263248148359","56.109604245756","57.971418486872","56.787302127869","56.382815896875","56.041285497153","53.952154833707","56.377769721962","56.619980627427","49.013853904003","46.250044983632","50.27097183257","56.905404307731","53.604203800627","49.281406038956","56.685348351303","52.901149340553","56.438251885992","56.451051630954","56.449346230365","56.001905952158","44.94976973466","55.633108512548","55.720090863114","43.960361648758","54.225232056782","55.831601880488","42.968384517293","47.276305603237","54.31199145706","55.844744861012","55.629168757348","52.840168900351","55.466886083327","53.438179040986","53.802306372173","54.937004188476","55.329665108045","54.683628689778","53.615370240835"
"FUE 61","55.60742210967","55.574822545496","55.514226516639","55.510296693215","55.392278036744","55.453030714555","55.22711053639","55.08421855308","55.285810080606","55.29265449111","55.299284695007","53.703557995534","54.205733652021","54.603725641552","54.414809225957","49.218292593139","53.454515960863","47.816775081161","54.047671513926","51.084748876404","47.769771911022","41.779442093307","52.3366754038","52.817954539112","51.658321134388","52.906416978265","52.465745480637","50.832796511507","51.847538696212","51.957763694412","48.622808553368","38.568928761907","52.63820225775","47.920694357459","38.213442790518","52.28385488363","52.148869394711","37.372237719821","29.206398520928","42.273918356071","50.569551052198","51.759268575814","35.329767295457","51.70288435902","39.01691032142","41.409307118263","51.517894589855","49.584732608931","46.212815755375","41.539557687343"
"FUE 62","58.773063564144","58.746135106073","58.695987452574","58.692731077098","58.594703231838","58.645221562081","58.456763902572","58.336738283523","58.505885653028","58.511606220277","58.517146341066","57.146867302639","57.58562483694","57.928633455887","57.766357878155","53.010892149811","56.926967185498","51.665193084687","57.448218337497","54.770708677908","51.619777996382","45.74006568316","55.923036361615","56.358481453576","55.301913889699","56.438009070337","56.040262356351","54.535785693049","55.475982400011","55.577099025261","52.44124925587","42.549293913885","56.196387257206","51.765541785144","42.195229174274","55.874971391672","55.751902250476","41.356959623699","33.20277969995","46.229998574368","54.289373955293","55.394854908194","39.319647137757","55.342963796471","42.995311308362","45.373011344601","55.172343497811","53.359665509568","50.107022916933","45.502207400777"
"FUE 63","99.55618204536","99.533754600412","99.491927234518","99.48920837647","99.407204879531","99.449502902634","99.29130662454","99.189985817451","99.332646665028","99.337456175271","99.342113014821","98.163459635044","98.54643411982","98.842295794101","98.70272567566","94.364587152741","97.969713096245","93.077963865882","98.427028739509","96.015750751224","93.034252560435","87.276482803041","97.071296594627","97.463643222458","96.505251479585","97.534871357302","97.177300644356","95.797820295265","96.664602184987","96.756918264413","93.822099199322","84.108173299593","97.318048811581","93.174486564227","83.755734107232","97.027754188413","96.916060156521","82.92082569911","74.780043809136","87.76127696057","95.568337449755","96.590401383632","80.889430826934","96.542879058662","84.551946037609","86.912919312915","96.386290715906","94.69498499529","91.56944275339","87.040919844505"
"FUE 64","63.132961410734","63.10760202953","63.060352083862","63.057282785257","62.964825103051","63.012487678364","62.834525498444","62.720963353991","62.880952899397","62.886357814658","62.891591865552","61.586765380445","62.006665405395","62.333610703566","62.179085399599","57.561367628283","61.37565137023","56.234456483041","61.875361726198","59.28617236927","56.189580666729","50.348090717371","60.406811579921","60.827992086376","59.803780854282","60.904761885181","60.520332489716","59.056764176241","59.973029956882","60.071259556022","57.000382488771","47.164279477754","60.671370123538","56.333593671309","46.810717493448","60.360237986272","60.240915340633","45.973487077341","37.823443785479","50.836427741736","58.815832094501","59.894172007591","43.938002737474","59.843711085348","47.609602422844","49.982119741825","59.677677820273","57.90426142175","54.691941755476","50.110944842028"
"FUE 65","55.407203928343","55.386207324527","55.347030073087","55.344482651326","55.267602853853","55.307269361262","55.15879302966","55.06352514261","55.19762503275","55.202141298567","55.206513911576","54.091356824144","54.455460451062","54.735623297998","54.603585210242","50.413766179582","53.906570260741","49.149755707869","54.342109268461","52.024430110647","49.106702907479","43.397009475672","53.045049146326","53.422179113124","52.498750461059","53.490500342038","53.147071392562","51.812742213534","52.652791148635","52.741943764487","49.881619693737","40.237763455232","53.282386116044","49.244800976605","39.885982725671","53.00311539559","52.895477496257","39.052436919359","30.917101330498","43.879739390049","51.589511872199","52.581086368777","37.023444643873","52.535141116791","40.680627515978","43.034850223239","52.383632756283","50.737216473593","47.660571593303","43.162369661805"
"FUE 66","60.3800529749","60.361879142116","60.327937362328","60.325728951538","60.25899956922","60.293448396852","60.164291507903","60.081119996147","60.198126139033","60.202058666358","60.205865604542","59.219898929443","59.545006063044","59.793119450324","59.676414180733","55.80601487515","59.053811345459","54.5938488986","59.444109302496","57.325998416382","54.552319242917","48.955939348027","58.270564728356","58.615160332531","57.767024668874","58.677306901426","58.36403897369","57.128110352991","57.909506517258","57.991794200415","55.297468065274","45.818534205257","58.487729031569","54.685479604093","45.46834628713","58.232091389288","58.133196686404","44.638099217921","36.515984092131","49.43371658422","56.918765918168","57.843229481806","42.614932051382","57.800718778227","46.259201544762","48.597153820272","57.660300609334","56.113713605158","53.149713218728","48.723516999882"
"FUE 67","56.920860980768","56.898305183103","56.85624021201","56.853505988688","56.771043576194","56.813577223176","56.654511401853","56.552650172735","56.696075607629","56.700911336907","56.705593591042","55.521307342715","55.905946541809","56.203199117814","56.062960985293","51.711921514113","55.32677314088","50.423373054726","55.786006225667","53.366560419821","50.379605849379","44.617779670929","54.425131759363","54.818804806713","53.857372883894","54.890286908681","54.531482410579","53.14809198825","54.017183604994","54.109774031211","51.168551776014","41.448710878695","54.672704096962","50.520021204202","41.096216590823","54.381449423489","54.269402816995","40.261194198563","32.119957102322","45.102746999652","52.918071151279","53.942766493011","38.229598439154","53.895107565107","41.892559663266","44.254098429031","53.738079570623","52.042913033536","48.913214265008","44.382139297832"
"FUE 68","76.234639368162","76.210634678561","76.165888921864","76.16298140151","76.075346583683","76.12053509328","75.951680562127","75.843747723076","75.995765966641","76.000896686909","76.005864901973","74.758694782862","75.161815356601","75.474575487414","75.326881946752","70.834532833985","74.5554458728","69.525321132752","75.035926920921","72.52674708868","69.480955545978","63.675946285004","73.618321982633","74.026551009076","73.031834982874","74.100826199481","73.728471065012","72.302438730944","73.196664146596","73.292250516528","70.281685392359","60.498846341375","73.874887948976","69.623312504245","60.14576992922","73.573107174021","73.457201878253","59.309543482411","51.16350152276","64.162747559168","72.066586360415","73.119886451661","57.27582656964","73.07073750663","60.943498753641","63.311018493276","72.908917729641","71.171918139411","67.997669062558","63.439486337816"
"FUE 69","55.67212808362","55.652176788269","55.614937166957","55.612515161276","55.539387622519","55.577126023957","55.435781563003","55.344968930217","55.472770679558","55.477071592151","55.48123549857","54.413299156151","54.763242926705","55.031707736536","54.905272959487","50.82934954612","54.23527360138","49.583319308577","54.654422820641","52.408226545446","49.540792632689","43.869902142477","53.401852925758","53.767342520043","52.870767665631","53.833448209811","53.500822231325","52.201403843487","53.020705258024","53.107417661618","50.305405069712","40.718058905349","53.631978974645","49.67718468026","40.366817083393","53.361153971801","53.256633134342","39.534386947227","31.403517042701","44.350949963442","51.983058944538","52.950928067216","37.507363420091","52.906201745607","41.160179518675","43.508887993346","52.758625078974","51.147309230378","48.109644833161","43.63601504285"
"FUE 70","63.399388026247","63.374579951543","63.328348844355","63.325345353843","63.234848846667","63.281505526522","63.107244618935","62.995967873427","63.152720692172","63.15801420848","63.163140252565","61.881647235854","62.294775656185","62.615984136661","62.464223152705","57.896774206946","61.673701937204","56.576890036036","62.165659086927","59.608594779896","56.53221653332","50.705154564284","60.71760517938","61.133588675818","60.121199423557","61.20935640302","60.829773977297","59.381222249046","60.288680033455","60.385851515695","57.339022013741","47.523989642384","60.978957656568","56.675572838647","47.170619026981","60.671576284444","60.553623106988","46.333784244232","38.185317203538","51.192885681776","59.142316369101","60.210654563802","44.298996258261","60.160718547788","47.969048302385","50.339595087054","59.996370405093","58.237477514579","55.040262697685","50.468279269548"
"FUE 71","54.383444826922","54.366049592248","54.333553610579","54.331438895836","54.267519220662","54.300522710164","54.17672857548","54.096930371358","54.209173095845","54.212943378899","54.216593120015","53.267217550996","53.581131928678","53.820142732032","53.707781479343","49.932537440885","53.106543034159","48.736695368916","53.483795784168","51.424576252172","48.695649182634","43.135872298739","52.346285393635","52.681260608541","51.855532071888","52.741591848785","52.437222948123","51.230891797982","51.994541162851","52.074772014263","49.431389530114","40.005668978912","52.557473658401","48.827243051144","39.656008162517","52.308840803481","52.212550117105","38.826853547778","30.709127795108","43.612023121372","51.025794825725","51.929893351374","36.805618203292","51.88841495087","40.445609789555","42.778196082726","51.751337359907","50.235327074964","47.306953674809","42.90417894476"
"FUE 72","63.12126154647","63.095670454341","63.047992406691","63.044895461329","62.951614139325","62.999699097206","62.820183411534","62.705662972754","62.867009926291","62.872461585256","62.877740958116","61.56316029641","61.985883431789","62.315225319827","62.159544644353","57.52099716584","61.350727377177","56.191201322856","61.853667255245","59.251149499767","56.146242550674","50.298850631182","60.376597302796","60.799932701597","59.770824876644","60.877118419875","60.490678502316","59.02090141637","59.940805279971","60.039472629121","56.958684026728","47.113959872042","60.64248478124","56.290524845498","46.760319858004","60.329798065953","60.209908290482","45.922928139682","37.772242405599","50.787434955106","58.779133899506","59.861603034264","43.887159942176","59.810925069576","47.55939058604","49.932711731201","59.644195277088","57.864791539721","54.646274779472","50.06159433465"
"FUE 73","90.841145320934","90.818793089575","90.777104967591","90.77439511448","90.6926605918","90.734820508137","90.577133956417","90.476130026388","90.618342575691","90.623136715224","90.627778655806","89.452430856241","89.834427715371","90.129473020032","89.990294930996","85.659746242583","89.259147090401","84.374258640512","89.715336418394","87.308861736398","84.330580323116","78.575206173543","88.362626681762","88.754193160327","87.797590095633","88.825271964573","88.468426837219","87.091248155527","87.956670024849","88.048824638912","85.117778366287","75.407345480251","88.608896490444","84.470707309189","75.05493885931","88.319166598895","88.207680012197","74.220097838535","66.079585094262","79.059897988304","86.862082256823","87.882596543402","72.188821737605","87.835154627775","75.851073262068","78.211712277465","87.678825106935","85.989794028707","82.866704245841","78.339688968484"
"FUE 74","95.272115797987","95.249495978194","95.207312497495","95.204570610817","95.12187933516","95.164530484258","95.005031082114","94.902900447605","95.046707051106","95.051555853104","95.056250778977","93.869158691545","94.254626549111","94.552571850583","94.412000978478","90.054550519203","93.674232573997","88.765047807315","94.134419901704","91.710913637484","88.72125290345","82.957418182113","92.770987705768","93.16532006452","92.202377433037","93.236928438029","92.87751060997","91.492178163706","92.362416640853","92.45514335053","89.510743627339","79.787973738436","93.018967657775","88.861758120031","79.435452196365","92.727235833894","92.615014035475","78.600373420999","70.458911175631","83.442471199507","91.261890326156","92.287892084318","76.568678296603","92.24016530793","80.231860141947","82.59367867713","92.082918967167","90.385836434797","87.254077766041","82.721739504348"
"FUE 75","62.581282725676","62.558415645569","62.515774514841","62.513003036576","62.429428136566","62.472532924682","62.311359898241","62.208189766382","62.353467196169","62.358366453378","62.363110287539","61.165205575967","61.55386323764","61.854477354884","61.712624302051","57.330562384952","60.968771861564","56.037411336012","61.432631063634","58.99352740203","55.99351059177","50.222009576074","60.059365660589","60.456230063291","59.487488400822","60.528323587071","60.166549912007","58.773768612191","59.648404055225","59.74165363746","56.785083669072","47.05113322355","60.308910810495","56.134359196058","46.698507817059","60.015346848525","59.902452601425","45.863214178385","37.720894074203","50.707389305197","58.542457921995","59.573467326995","43.831140429083","59.525480300129","47.495162996155","49.85804794471","59.367396568962","57.662974628802","54.52334272288","49.986184861219"
"FUE 76","56.717700024463","56.693188563008","56.672003686146","56.66754189497","56.587808766881","56.583202941241","56.421788307746","56.514863612388","56.590717297366","56.559893893275","56.419766345882","56.17561888257","54.638488786704","56.31205953674","56.210549918164","54.546177346973","55.924170639293","50.731472771719","55.55941604996","55.416697348835","54.692221433552","53.226032889884","50.003863936467","55.18849220054","55.091103138887","52.748060584504","54.998944246598","45.306530624808","49.604196797418","50.043565403159","37.271347509504","52.427704597669","53.727359222731","33.961356649905","52.281269344346","54.198699654224","52.249215991908","51.978339329152","50.517882926637","32.177423505252","46.655809440879","51.540000680086","41.790304223496","51.693072690489","37.014330409422","30.465169581341","52.076153201333","44.697550723957","28.642639013576","28.959270679067"
"FUE 77","58.338620749593","58.314744025377","58.294104937518","58.2897577658","58.21205368154","58.207563959144","58.050143336205","58.140933291687","58.214888832192","58.184840646271","58.048170492787","57.809792865847","56.302526648281","57.943048151729","57.843917680422","56.211699540259","57.563964839472","52.437578683096","57.206817425339","57.066908959584","56.355380895106","54.909706819454","51.714442475735","56.843013316938","56.747396794048","54.437074214322","56.656879682563","47.033355809588","51.316932963877","51.753918631592","39.005215521504","54.119985160418","55.404772184252","35.695925956912","53.974965602133","55.869538773427","53.943215876056","53.674818345276","52.225379841604","33.912199535721","48.379593387958","53.240180533399","43.521765870491","53.392002044795","38.748273975138","32.20007821293","53.771754622262","46.425468495354","30.377641682195","30.694259708089"
"FUE 78","59.524106211967","59.487573710098","59.456080287796","59.449456900603","59.331644643587","59.324870506395","59.089551155397","59.224751919049","59.335924183637","59.290639792845","59.086628513856","58.738028225611","56.699046130725","58.931806365617","58.787396098613","56.583326372567","58.387324192354","52.175778314465","57.891933465847","57.701988586009","56.766694837299","54.987290338125","51.387834200742","57.402403113813","57.27601207204","54.431595169222","57.157172777607","46.478622687464","50.959379823288","51.430553644006","38.354943948811","54.064409860708","55.581682525165","35.036246749776","53.897848158943","56.153083983489","53.861491227172","53.555645335508","51.943327338564","33.24975079857","47.866725598656","53.065659674587","42.903919038125","53.236109487261","38.096987968041","31.535853842762","53.665803618026","45.855785845732","29.712158489419","30.028959080259"
"FUE 79","54.45959034173","54.42489120917","54.394966555442","54.388671722648","54.276624657513","54.270177513978","54.045920853316","54.174835540636","54.280697370007","54.237591742935","54.043132047912","53.709893505077","51.740454302189","53.89527811776","53.757156899754","51.627811907918","53.373497285798","47.293560865009","52.896515499992","52.713109277663","51.806266702473","50.066977876087","46.512594958141","52.423291047865","52.300829013021","49.520851770433","52.185584226553","41.627219144021","46.087439924791","46.554967384495","33.513193889295","49.159359844621","50.649712934248","30.195436976581","48.995228535075","51.208335242057","48.959390002842","48.6577397109","47.063300531385","28.409217488786","43.011031372414","48.173896486088","38.058914068756","48.342286718388","33.255339388719","26.695497698913","48.766420308012","41.005905470354","24.871927906624","25.188710289584"
"FUE 80","57.004541988518","56.966283165343","56.933313695553","56.926381303994","56.803154274366","56.79607343624","56.550404231107","56.691479760162","56.807627829679","56.760300541317","56.547356689321","56.184469595848","54.082010756896","56.386041836363","56.235788927518","53.963526624055","55.820546244289","49.491218019097","55.30826964554","55.112360000759","54.151310777392","52.336131350306","48.697214748574","54.803896443918","54.673944800812","51.771994309869","54.551853411593","43.767443159151","48.265901884286","48.740235076124","35.635497096533","51.39980284793","52.940854978239","32.315996449549","51.231107870508","53.523642641161","51.194296203741","50.884773719079","49.256862955536","30.529264329571","45.159231618757","50.389417457027","40.187255906897","50.561666464866","35.37745438829","28.815216044481","50.996226133281","43.143299595349","26.991413447969","27.308229590015"
"FUE 81","65.02634599115","65.000318021221","64.977829750647","64.973094308292","64.888520933455","64.883638377116","64.712719281202","64.811229366765","64.891604376804","64.858933618106","64.71058061693","64.452755302249","62.845795558138","64.596739548598","64.489593870349","62.750054876907","64.188042560054","58.843066957231","63.805425424876","63.656134380525","62.901559395259","61.388285879583","58.105458724786","63.41787803524","63.316364455147","60.898177261107","63.220390295486","53.372081187851","57.700979698511","58.14566311971","45.321407102939","60.570420060024","61.903904864401","42.009878110535","60.420783198167","62.390325282924","60.388043634775","60.111569853689","58.626363691852","40.225491715803","54.728074239044","59.66489517717","49.845647673908","59.820781316194","45.064224254656","38.512947094491","60.211363876252","52.760692827987","36.690210389377","37.006871953169"
"FUE 82","86.456772605402","86.429249154999","86.40547639204","86.400471364093","86.311135219954","86.305980680593","86.125740996287","86.229575774354","86.314390593036","86.279904679325","86.123488138145","85.852320903641","84.17851813978","86.003653202237","85.891015179393","84.079548612414","85.574748365036","80.087491308376","85.174935228486","85.019351902217","84.236196806323","82.67897845096","79.34087142448","84.771508604153","84.666073527506","82.177691041365","84.566478360116","74.575334647892","78.932069861207","79.381528126888","66.510993336461","81.843145934254","83.207839735004","63.198112292803","81.690579629354","83.708323395719","81.657212727024","81.375629096949","79.867977937152","61.41332765326","75.937280063805","80.921367400601","71.03988539277","81.079811704187","66.253664748745","59.700527653933","81.477229443802","73.961815344501","57.877609876368","58.19429770203"
"FUE 83","76.932032811629","76.90244680941","76.876903835519","76.871527438801","76.775639346604","76.770111166094","76.577100646419","76.688223227286","76.77913093964","76.742152243824","76.574691724988","76.285357324693","74.522480667535","76.446678866821","76.326570563711","74.41928857243","75.990398165163","70.318529390893","75.56752375526","75.403555151476","74.582666904064","72.968536023624","69.560674545258","75.142990289189","75.032370304311","72.452980034046","74.927997166894","64.755467176142","69.146502552907","69.60189389912","56.674463533288","72.10981152065","73.514408482895","53.359940454533","71.953533066214","74.033088398311","71.919371946306","71.631328862985","70.095506995954","51.57467237161","66.124705886395","71.167507932101","61.209013370107","71.329171168761","56.416957893945","49.861562411572","71.735210651415","64.139342276909","48.038424884853","48.355144580609"
"FUE 84","56.508680331774","56.483644679769","56.462009181083","56.457452769348","56.376045381031","56.371343796276","56.206637842646","56.301595745351","56.379014435816","56.347551719554","56.204575438395","55.955683092584","54.394176533486","56.09474184565","55.991276441914","54.300661420113","55.699624033708","50.453332980965","55.328645796525","55.183632968099","54.448621843111","52.965857397393","49.722162229713","54.951914999447","54.853082917866","52.483593705941","54.759588408039","45.01194563722","49.320779151442","49.762042972126","36.971204462483","52.160616852136","53.472227659643","33.660661036902","52.013046973263","53.948878234422","51.980750362637","51.707888624135","50.238634660881","31.876565040662","46.363629529619","51.266590455674","41.492058418674","51.420661968934","36.714127824275","30.164206664191","51.806404965801","44.40210243136","28.341602025029","28.658244434025"
"FUE 85","90.656199689649","90.627562059657","90.602832844093","90.597627141254","90.504749253037","90.499392662915","90.312242203017","90.420021825482","90.508132360665","90.472298328918","90.309904835535","90.028890442368","88.306534089984","90.18563955068","90.068951199591","88.205251626264","89.741876160944","84.153302439378","89.329513038787","89.169358900501","88.365585811434","86.777115933061","83.400454025934","88.914573417345","88.806306275363","86.267964490428","88.704099959328","78.61286692849","82.988672624322","83.441422826415","70.539237432086","85.928661028568","87.315337655446","67.225440205192","85.774045073377","87.825815590542","85.740239544718","85.455087187828","83.931844478105","65.440385796366","79.978872926887","84.995539835293","75.071285107809","85.155764587482","70.281810064728","63.727412826929","85.557948259705","77.997896212253","61.9043724175","62.221078028561"
"FUE 86","62.451389865937","62.417815173268","62.38885328308","62.38276015736","62.274256487249","62.268010547871","62.050575374456","62.175610489537","62.278201948243","62.236437306206","62.047869267369","61.724150328369","59.79849803338","61.904326752431","61.770106360293","59.687819841144","61.396669837332","55.401035257034","60.931229787205","60.751942274219","59.863139452311","58.149617611323","54.624657714742","60.468295311539","60.348322150903","57.609695921641","60.235357571208","49.755047142206","54.201676351587","54.666801678953","41.647447885344","57.251906199267","58.724824746307","38.330318162328","57.089357728545","59.275232638911","57.053857003125","56.754943159609","55.172214015806","36.544283124203","51.136010833149","56.275114035908","46.190998722023","56.442157279718","41.389661063183","34.830681545426","56.862659484403","49.134745810124","33.007195536584","33.323965769676"
"FUE 87","59.578456332894","59.545045819406","59.516224540794","59.510160878911","59.40217505688","59.395958536938","59.17952170478","59.303988814579","59.406101912369","59.364533367829","59.176827711825","58.854505029075","56.93532044754","59.033917124614","58.900269099953","56.824934143404","58.528335409743","52.545249591264","58.064596922629","57.885917875862","56.999787926193","55.290106052402","51.769563118259","57.60318384903","57.483579297379","54.751112904007","57.370952635417","46.902333416339","51.346909432398","51.811672653128","38.795707473138","54.393877973474","55.864188618057","35.478672836257","54.231566864281","56.413371941992","54.196116809044","53.897613593111","52.31664500625","33.692665764939","48.282866183756","53.418387358425","43.338929544913","53.58522822283","38.537930910713","31.979082110401","54.00518518661","46.282185308539","30.155608805904","30.472377196656"
"FUE 88","70.141870195869","70.11072746786","70.083849448542","70.078193096599","69.977372733958","69.971563671273","69.768978150382","69.885558763504","69.981041925569","69.942189919952","69.766452523998","69.463582537255","67.635744260821","69.632334411765","69.506666656339","67.529529323832","69.155761407312","63.35265370818","68.715964514227","68.545881228694","67.697727999369","66.043234696184","62.587114278222","68.276078450546","68.161706751912","65.517700038651","68.053883179982","57.755038293813","62.169280776546","62.628717683634","49.662871328935","65.168527716089","66.60107697459","46.347251994699","65.00967099648","67.132649438842","64.974958739252","64.682439532458","63.127227584991","44.561661286982","59.129185887258","64.212015096358","54.201203713193","64.375899223634","49.405247453132","42.8483445069","64.787900974659","57.137162991471","41.025060368343","41.341801326363"
"FUE 89","108.40353020518","108.37558104801","108.35144278893","108.34636106933","108.25567102128","108.25043922333","108.06755571402","108.17289997203","108.25897523535","108.22397380616","108.06527050944","107.79033155683","106.09785428372","107.94373928747","107.82954954587","105.99799195552","107.50913762871","101.98271442892","107.1045034179","106.94716208331","106.15606281575","104.58675892608","101.23366846705","106.69664653014","106.59012055205","104.08242194882","106.489519192","96.459525779571","100.82370547403","101.27444678551","88.391551451047","103.74602997299","105.11924565812","85.078311791529","103.59266775211","105.62359497828","103.55913049346","103.27616042876","101.76244384741","83.293421549112","97.823057981692","102.81984399809","92.921678339317","102.97898060007","88.134184200849","81.580553837453","103.37825064131","95.845439076715","79.757588052394","80.074282840673"
"FUE 90","77.408032041092","77.381276186605","77.358162621497","77.353295932062","77.266403125357","77.261388076","77.085926004039","77.187032026015","77.269570319861","77.236015269213","77.083731649199","76.819394524118","75.179656410563","76.966966412061","76.85713942333","75.082325863165","76.548395589225","71.133234078251","76.15735774605","76.004981182699","75.236362815795","73.7014044552","70.391141258239","75.762019344866","75.65857948166","73.205761861547","75.560825856518","65.641721784551","69.98450949167","70.431570852359","57.584212074247","72.874640849551","74.22356963223","54.272006272686","72.72355145527","74.71693101663","72.690500768481","72.411491957628","70.915132884228","52.487420504698","67.000688533147","71.961050538069","62.110780279725","72.118207104469","57.32695627685","50.774748028714","72.512182281319","65.02926834676","48.951920667638","49.268595379848"
